<?xml version="1.0" encoding="utf-8"?>
<content_type_fields>
  <field content_type="adjust" field_name="dbtech_credits_entity">DBTech\Credits:AdjustLog</field>
  <field content_type="adjust" field_name="dbtech_credits_eventtrigger_handler_class">DBTech\Credits\EventTrigger\Adjust</field>
  <field content_type="avatar" field_name="dbtech_credits_eventtrigger_handler_class">DBTech\Credits\EventTrigger\Avatar</field>
  <field content_type="birthday" field_name="dbtech_credits_eventtrigger_handler_class">DBTech\Credits\EventTrigger\Birthday</field>
  <field content_type="content" field_name="dbtech_credits_eventtrigger_handler_class">DBTech\Credits\EventTrigger\Content</field>
  <field content_type="daily" field_name="dbtech_credits_eventtrigger_handler_class">DBTech\Credits\EventTrigger\Daily</field>
  <field content_type="dbtech_credits_txn" field_name="alert_handler_class">DBTech\Credits\Alert\Transaction</field>
  <field content_type="dbtech_credits_txn" field_name="approval_queue_handler_class">DBTech\Credits\ApprovalQueue\Transaction</field>
  <field content_type="dbtech_credits_txn" field_name="entity">DBTech\Credits:Transaction</field>
  <field content_type="donate" field_name="dbtech_credits_entity">DBTech\Credits:DonationLog</field>
  <field content_type="donate" field_name="dbtech_credits_eventtrigger_handler_class">DBTech\Credits\EventTrigger\Donate</field>
  <field content_type="download" field_name="dbtech_credits_eventtrigger_handler_class">DBTech\Credits\EventTrigger\Download</field>
  <field content_type="downloaded" field_name="dbtech_credits_eventtrigger_handler_class">DBTech\Credits\EventTrigger\Downloaded</field>
  <field content_type="follow" field_name="dbtech_credits_eventtrigger_handler_class">DBTech\Credits\EventTrigger\Follow</field>
  <field content_type="followed" field_name="dbtech_credits_eventtrigger_handler_class">DBTech\Credits\EventTrigger\Followed</field>
  <field content_type="gallerycomment" field_name="dbtech_credits_entity">XFMG:Comment</field>
  <field content_type="gallerycomment" field_name="dbtech_credits_eventtrigger_handler_class">DBTech\Credits\EventTrigger\XFMG\Comment</field>
  <field content_type="gallerycommented" field_name="dbtech_credits_entity">XFMG:Comment</field>
  <field content_type="gallerycommented" field_name="dbtech_credits_eventtrigger_handler_class">DBTech\Credits\EventTrigger\XFMG\Commented</field>
  <field content_type="gallerydownload" field_name="dbtech_credits_eventtrigger_handler_class">DBTech\Credits\EventTrigger\XFMG\Download</field>
  <field content_type="gallerydownloaded" field_name="dbtech_credits_eventtrigger_handler_class">DBTech\Credits\EventTrigger\XFMG\Downloaded</field>
  <field content_type="galleryrate" field_name="dbtech_credits_entity">XFMG:Rating</field>
  <field content_type="galleryrate" field_name="dbtech_credits_eventtrigger_handler_class">DBTech\Credits\EventTrigger\XFMG\Rate</field>
  <field content_type="galleryrated" field_name="dbtech_credits_entity">XFMG:Rating</field>
  <field content_type="galleryrated" field_name="dbtech_credits_eventtrigger_handler_class">DBTech\Credits\EventTrigger\XFMG\Rated</field>
  <field content_type="galleryupload" field_name="dbtech_credits_entity">XFMG:MediaItem</field>
  <field content_type="galleryupload" field_name="dbtech_credits_eventtrigger_handler_class">DBTech\Credits\EventTrigger\XFMG\Upload</field>
  <field content_type="interest" field_name="dbtech_credits_eventtrigger_handler_class">DBTech\Credits\EventTrigger\Interest</field>
  <field content_type="like" field_name="dbtech_credits_eventtrigger_handler_class">DBTech\Credits\EventTrigger\Like</field>
  <field content_type="liked" field_name="dbtech_credits_eventtrigger_handler_class">DBTech\Credits\EventTrigger\Liked</field>
  <field content_type="message" field_name="dbtech_credits_entity">XF:ConversationMessage</field>
  <field content_type="message" field_name="dbtech_credits_eventtrigger_handler_class">DBTech\Credits\EventTrigger\Message</field>
  <field content_type="paycheck" field_name="dbtech_credits_eventtrigger_handler_class">DBTech\Credits\EventTrigger\Paycheck</field>
  <field content_type="poll" field_name="dbtech_credits_entity">XF:Poll</field>
  <field content_type="poll" field_name="dbtech_credits_eventtrigger_handler_class">DBTech\Credits\EventTrigger\Poll</field>
  <field content_type="post" field_name="dbtech_credits_entity">XF:Post</field>
  <field content_type="post" field_name="dbtech_credits_eventtrigger_handler_class">DBTech\Credits\EventTrigger\Post</field>
  <field content_type="profile" field_name="dbtech_credits_eventtrigger_handler_class">DBTech\Credits\EventTrigger\Profile</field>
  <field content_type="punish" field_name="dbtech_credits_entity">XF:Warning</field>
  <field content_type="punish" field_name="dbtech_credits_eventtrigger_handler_class">DBTech\Credits\EventTrigger\Punish</field>
  <field content_type="purchase" field_name="dbtech_credits_entity">DBTech\Credits:PurchaseTransaction</field>
  <field content_type="purchase" field_name="dbtech_credits_eventtrigger_handler_class">DBTech\Credits\EventTrigger\Purchase</field>
  <field content_type="react" field_name="dbtech_credits_entity">XF:ReactionContent</field>
  <field content_type="react" field_name="dbtech_credits_eventtrigger_handler_class">DBTech\Credits\EventTrigger\React</field>
  <field content_type="reacted" field_name="dbtech_credits_entity">XF:ReactionContent</field>
  <field content_type="reacted" field_name="dbtech_credits_eventtrigger_handler_class">DBTech\Credits\EventTrigger\Reacted</field>
  <field content_type="read" field_name="dbtech_credits_eventtrigger_handler_class">DBTech\Credits\EventTrigger\Read</field>
  <field content_type="redeem" field_name="dbtech_credits_entity">DBTech\Credits:RedeemLog</field>
  <field content_type="redeem" field_name="dbtech_credits_eventtrigger_handler_class">DBTech\Credits\EventTrigger\Redeem</field>
  <field content_type="registration" field_name="dbtech_credits_entity">XF:User</field>
  <field content_type="registration" field_name="dbtech_credits_eventtrigger_handler_class">DBTech\Credits\EventTrigger\Registration</field>
  <field content_type="reply" field_name="dbtech_credits_entity">XF:Post</field>
  <field content_type="reply" field_name="dbtech_credits_eventtrigger_handler_class">DBTech\Credits\EventTrigger\Reply</field>
  <field content_type="report" field_name="dbtech_credits_entity">XF:ReportComment</field>
  <field content_type="report" field_name="dbtech_credits_eventtrigger_handler_class">DBTech\Credits\EventTrigger\Report</field>
  <field content_type="reported" field_name="dbtech_credits_entity">XF:ReportComment</field>
  <field content_type="reported" field_name="dbtech_credits_eventtrigger_handler_class">DBTech\Credits\EventTrigger\Reported</field>
  <field content_type="resourcedownload" field_name="dbtech_credits_eventtrigger_handler_class">DBTech\Credits\EventTrigger\XFRM\Download</field>
  <field content_type="resourcedownloaded" field_name="dbtech_credits_eventtrigger_handler_class">DBTech\Credits\EventTrigger\XFRM\Downloaded</field>
  <field content_type="resourcerate" field_name="dbtech_credits_entity">XFRM:ResourceRating</field>
  <field content_type="resourcerate" field_name="dbtech_credits_eventtrigger_handler_class">DBTech\Credits\EventTrigger\XFRM\Rate</field>
  <field content_type="resourcerated" field_name="dbtech_credits_entity">XFRM:ResourceRating</field>
  <field content_type="resourcerated" field_name="dbtech_credits_eventtrigger_handler_class">DBTech\Credits\EventTrigger\XFRM\Rated</field>
  <field content_type="resourceupdate" field_name="dbtech_credits_entity">XFRM:ResourceUpdate</field>
  <field content_type="resourceupdate" field_name="dbtech_credits_eventtrigger_handler_class">DBTech\Credits\EventTrigger\XFRM\Update</field>
  <field content_type="resourceupload" field_name="dbtech_credits_entity">XFRM:ResourceItem</field>
  <field content_type="resourceupload" field_name="dbtech_credits_eventtrigger_handler_class">DBTech\Credits\EventTrigger\XFRM\Upload</field>
  <field content_type="revival" field_name="dbtech_credits_eventtrigger_handler_class">DBTech\Credits\EventTrigger\Revival</field>
  <field content_type="sticky" field_name="dbtech_credits_entity">XF:Thread</field>
  <field content_type="sticky" field_name="dbtech_credits_eventtrigger_handler_class">DBTech\Credits\EventTrigger\Sticky</field>
  <field content_type="tag" field_name="dbtech_credits_entity">XF:TagContent</field>
  <field content_type="tag" field_name="dbtech_credits_eventtrigger_handler_class">DBTech\Credits\EventTrigger\Tag</field>
  <field content_type="taxation" field_name="dbtech_credits_eventtrigger_handler_class">DBTech\Credits\EventTrigger\Taxation</field>
  <field content_type="thread" field_name="dbtech_credits_entity">XF:Thread</field>
  <field content_type="thread" field_name="dbtech_credits_eventtrigger_handler_class">DBTech\Credits\EventTrigger\Thread</field>
  <field content_type="transfer" field_name="dbtech_credits_entity">DBTech\Credits:TransferLog</field>
  <field content_type="transfer" field_name="dbtech_credits_eventtrigger_handler_class">DBTech\Credits\EventTrigger\Transfer</field>
  <field content_type="trophy" field_name="dbtech_credits_eventtrigger_handler_class">DBTech\Credits\EventTrigger\Trophy</field>
  <field content_type="upload" field_name="dbtech_credits_entity">XF:Attachment</field>
  <field content_type="upload" field_name="dbtech_credits_eventtrigger_handler_class">DBTech\Credits\EventTrigger\Upload</field>
  <field content_type="view" field_name="dbtech_credits_eventtrigger_handler_class">DBTech\Credits\EventTrigger\View</field>
  <field content_type="visit" field_name="dbtech_credits_eventtrigger_handler_class">DBTech\Credits\EventTrigger\Visit</field>
  <field content_type="visitor" field_name="dbtech_credits_entity">XF:ProfilePost</field>
  <field content_type="visitor" field_name="dbtech_credits_eventtrigger_handler_class">DBTech\Credits\EventTrigger\Visitor</field>
  <field content_type="vote" field_name="dbtech_credits_eventtrigger_handler_class">DBTech\Credits\EventTrigger\Vote</field>
  <field content_type="wall" field_name="dbtech_credits_entity">XF:ProfilePost</field>
  <field content_type="wall" field_name="dbtech_credits_eventtrigger_handler_class">DBTech\Credits\EventTrigger\Wall</field>
  <field content_type="warning" field_name="dbtech_credits_entity">XF:Warning</field>
  <field content_type="warning" field_name="dbtech_credits_eventtrigger_handler_class">DBTech\Credits\EventTrigger\Warning</field>
</content_type_fields>