{
    "legacy_addon_id": "dbtech_shop",
    "title": "DragonByte Shop",
    "description": "Members can buy permissions, features and more on your forum with points.",
    "version_id": 906010051,
    "version_string": "6.1.0 Release Candidate 1",
    "dev": "DragonByte Technologies, Ltd.",
    "dev_url": "https://www.dragonbyte-tech.com",
    "faq_url": "",
    "support_url": "https://www.dragonbyte-tech.com/support/create-ticket",
    "extra_urls": {
        "Product Information": "https://www.dragonbyte-tech.com/store/dragonbyte-shop.336/",
        "Twitter": "https://twitter.com/DragonByteTech"
    },
    "require": {
        "XF": [
            2010070,
            "XenForo 2.1.0+"
        ],
        "php": [
            "5.6.0",
            "PHP 5.6.0+"
        ]
    },
    "icon": "icon.png"
}