{
    "js/DBTech/Shop/item_list.js": "f0fe896aece24cd196e5776eb0a92c53ee623eda350f23a2c06639e9a0a46bb5",
    "js/DBTech/Shop/metafizzy/infinite-scroll/infinite-scroll.pkgd.js": "d342a544337724c2c6ee6f1e8f1f40e215cac84b32f2603f3cdc432496377c4e",
    "src/addons/DBTech/Shop/addon.json": "3c66d8a58a9a0c2927a7d298496bbb0e58d0b235a9f80f01c6ddc6467322f21e",
    "src/addons/DBTech/Shop/Admin/Controller/Category.php": "4ca2b535e0427b6ca23ab3ab93a2007856e526fa86cfee1cbc481d8d40fc65db",
    "src/addons/DBTech/Shop/Admin/Controller/Currency.php": "4aa799c2231dd7c12d5bb16ca54861b7bfbfadd41acb209d104d13d4150343f1",
    "src/addons/DBTech/Shop/Admin/Controller/Index.php": "f831e59638bcfeb7f3d3856964bff5830b87e62b796672a10e7bc83e4c934ee0",
    "src/addons/DBTech/Shop/Admin/Controller/Item.php": "2debbb10201fc3246b168f2661667544591900f392e99e3735b2e05a60afc087",
    "src/addons/DBTech/Shop/Admin/Controller/ItemField.php": "5c2cec45a5eeb1f0ef5ead85b9fd11ccf5f777d1fbb8c6325dca98b4cd0b85f9",
    "src/addons/DBTech/Shop/Admin/Controller/ItemPrefix.php": "4e30b8c2f3c499dde1a8bc92ffcb99d4d30ff4402c084013609516bd54a466a4",
    "src/addons/DBTech/Shop/Admin/Controller/Log.php": "6fb08a5200b59a6b89791863046a05e2b49b75fc21b09b8fbd35c09ba824e24f",
    "src/addons/DBTech/Shop/Admin/Controller/Lottery.php": "9d61829d133c832be285323fbef6fceee3cc740d0bf5e2f653b39017b704c73a",
    "src/addons/DBTech/Shop/Admin/Controller/Permission.php": "32ce7fda62dfac2477079689f047588fd3f81ddecef3aff913195357ee895f03",
    "src/addons/DBTech/Shop/Admin/Controller/Purchase.php": "ee762f964780a819d75a142d82918ec341a0a6155b2bfa3a3df90b390a494946",
    "src/addons/DBTech/Shop/AdminSearch/Category.php": "7332035955c4cdbb397a36f93a1826fcdda8db8f9708b78f9a401a0c8051a28d",
    "src/addons/DBTech/Shop/AdminSearch/Item.php": "aadcb38d7d2d592d7ca692dc4d728dd7efe290fa157649a61a0a3f962b387911",
    "src/addons/DBTech/Shop/Alert/Item.php": "00ee2eef4ad948e54d24b1253c6c282f0df12b5f5f421398f32319781ea3afb9",
    "src/addons/DBTech/Shop/Alert/ItemRating.php": "1f2e713bdd167ca7dac95e664cfdc80567eafb2062f8f44c9b11774356e393d4",
    "src/addons/DBTech/Shop/Alert/Trade.php": "b19600dbbb17bbd655bf2e96356ffa3b526ef582977aa467f7aa55e5f345a27b",
    "src/addons/DBTech/Shop/Alert/TradePost.php": "e3117893aa72d427c3f8670bd65d2a5d31a0677596aa19ca1817c81a89ee08ff",
    "src/addons/DBTech/Shop/Alert/TradePostComment.php": "fd7a4da2e8a9020213cc3d9331ed35739c86c6be5d0049066e193c077ef8871c",
    "src/addons/DBTech/Shop/Api/Controller/TradePost.php": "42611e21f268267e4a4ee39cd3b68885f6ddeb98ecd5103357036011ee714de0",
    "src/addons/DBTech/Shop/Api/Controller/TradePostComment.php": "08949a6d3b993eff2198de672bc6eb906b5abd9fb6b7387ae0f953126f710b97",
    "src/addons/DBTech/Shop/Api/Controller/TradePostComments.php": "a44f74318d9e074118d8a5b4349eb1245162bb49962ecd44b36dfea774bc898b",
    "src/addons/DBTech/Shop/Api/Controller/TradePosts.php": "0d1bcf31b66b518b481ffc488ac1176fa96601031f8678328c7fbae8dc8df8cb",
    "src/addons/DBTech/Shop/ApprovalQueue/Item.php": "738c1550798535057002610e965ac78f96562f7cd8c4b0b15b9e200bb75bf9ba",
    "src/addons/DBTech/Shop/ApprovalQueue/TradePost.php": "19288139228b46c623bd78cf24705855eab10ac03e115bc63379f599da11eed4",
    "src/addons/DBTech/Shop/ApprovalQueue/TradePostComment.php": "284039d3d25fe188742b5addbb8ddf47ac088406e827e93fdc0faf9119894bbd",
    "src/addons/DBTech/Shop/Behavior/Cacheable.php": "8313f9dc1c15bd64ed7d109d907ade567bd070cca3ebd4e3ea9dc64e18e3f678",
    "src/addons/DBTech/Shop/Bookmark/Item.php": "1d584abac2c8d0886e6b832882b2fe0e8aac400f0e23af4c491f968173ef5e00",
    "src/addons/DBTech/Shop/ControllerPlugin/CategoryPermission.php": "f9d574686095d90fc6a853251bcb25506a18aa61a606ea4843cbed5e63db75bd",
    "src/addons/DBTech/Shop/ControllerPlugin/CategoryTree.php": "b97ea4344c5210679653a1e0dd88718d40cdaa079383a0182a4a78b8644953a5",
    "src/addons/DBTech/Shop/ControllerPlugin/Delete.php": "cefa631c0f0a1efc52043c99d8e6145301fe36ed7610e66bd5a0e57793c4308e",
    "src/addons/DBTech/Shop/ControllerPlugin/ItemPermission.php": "b50ca9f1cb930449a68ac9bb9119d9c8ffd9f8b7bd3262354f558a4cc73fb2a1",
    "src/addons/DBTech/Shop/ControllerPlugin/Overview.php": "2ddbf2207ffe4cea784f604b5c6429324eacf995dd395b41f53d15302cb09295",
    "src/addons/DBTech/Shop/Cron/Bank.php": "aab2f4080a65cd36d038e4047162d522367eade21667743e6baa3d54d875b248",
    "src/addons/DBTech/Shop/Cron/Item.php": "ed4ad1c5536c18184fac10233432552a962f4058841696a3072eab6808e1e762",
    "src/addons/DBTech/Shop/Cron/Lottery.php": "b455d2a59f0164701ab3ca8d3514389568115b8f00e1c38620162e8896636c17",
    "src/addons/DBTech/Shop/EmailStop/Category.php": "714d3154eda9b55f150666814083cac3dcd1a9ae8c8c48f8aa25973e127c5979",
    "src/addons/DBTech/Shop/EmailStop/Item.php": "20cf43afabb58db292cb04af7cd69d8ff4186c66882a9e3335b4c724cedfad14",
    "src/addons/DBTech/Shop/Entity/Bank.php": "891de7f77a1127dce10bb998243657150402875172d8e9f2f2a4b6683003e0c8",
    "src/addons/DBTech/Shop/Entity/Cart.php": "b2793d467132ba26695dc763f761bb949ddf0975b67936f0966a8ade57d1f1f3",
    "src/addons/DBTech/Shop/Entity/Category.php": "56dca333f06a6a0f2dc2df5a647836e3f5460e1aa37bb41d1b4794d25dc5680c",
    "src/addons/DBTech/Shop/Entity/CategoryField.php": "46a83b60b35ae735afdeb8a1aede7d91d3f8b27dd733eabb9db46d36d7c8c667",
    "src/addons/DBTech/Shop/Entity/CategoryPrefix.php": "12ab415ef24135e18eb210cf2c08ec464589a99921f1a26e7b87662ba52f8d75",
    "src/addons/DBTech/Shop/Entity/CategoryWatch.php": "2b7e0811eab109b56cbbef1d3b7c62c0ea8785fa69a73283d37ae34ebab31578",
    "src/addons/DBTech/Shop/Entity/Currency.php": "66b5d897d5243c5e16cec9e369af10f3dea550dda34ba0fc0685eb5ae55488ee",
    "src/addons/DBTech/Shop/Entity/Item.php": "7cb2695113f0bb6061fc6293b28edb79ca6c7b1606e09149fcd36a17133ee6c1",
    "src/addons/DBTech/Shop/Entity/ItemField.php": "6ce1ca9d7159d408aa02ccdf4fccbb0dfeb7d90a75fe1c5f84e2f2f3d3747b58",
    "src/addons/DBTech/Shop/Entity/ItemFieldValue.php": "a1dc6a95f7e5536e1315b0d0bedc7040c05f08c608a70da6e3cea41ea46136c7",
    "src/addons/DBTech/Shop/Entity/ItemPrefix.php": "aaf831a5d7430ca3a6b14aa0627a4ee36f14473e2861159a248ddf2651ad48ad",
    "src/addons/DBTech/Shop/Entity/ItemPrefixGroup.php": "0d67dc06d590a5729764b51c3d7226efb4ea2192be76e38970d3db4c26af4627",
    "src/addons/DBTech/Shop/Entity/ItemRating.php": "549a8aaeacc676bf72f1be16d3079244a3449e48e541ae7716c13b0120be1ec1",
    "src/addons/DBTech/Shop/Entity/ItemWatch.php": "e4d4a1dc6c199060c1f5941ded717a285e74a642f067106fdd39b7887de21cf0",
    "src/addons/DBTech/Shop/Entity/Lottery.php": "21fef34bdcad6d61ad155c238d57ad3f6a3a9b0474f61043cd7398a907cbfb03",
    "src/addons/DBTech/Shop/Entity/LotteryHistory.php": "079c03af99d71c1ab667a79d3d0b8d8b52d4f62d122dbc4561ff5ef6b40b8531",
    "src/addons/DBTech/Shop/Entity/LotteryPrize.php": "d18ab4e40c8182da9b40775711f64f8a2e369fa0ae0c6c5f5c432bb3999ec847",
    "src/addons/DBTech/Shop/Entity/LotteryPrizeMap.php": "d42faf372e89f82d4261550f285ea2c20969d3371ef993b4f983fabbfdf8d897",
    "src/addons/DBTech/Shop/Entity/LotteryTicket.php": "e70cb4b30918b0baad80901d77bfa1aceb3367f049772d127da50594d544521b",
    "src/addons/DBTech/Shop/Entity/Purchase.php": "52f899b5bcb174dce03f4162d18a2e9197bba471876bd71db62f56ee5313a36e",
    "src/addons/DBTech/Shop/Entity/ThreadBan.php": "51b88c937260ae341facb7c58eeaf5951c0d2ac90e87d846d9f98dabf4af8546",
    "src/addons/DBTech/Shop/Entity/Trade.php": "afe45e30761f734e28ce7e5e2a1427b15ba4bb18d9ba9ea6ef186209f2c04089",
    "src/addons/DBTech/Shop/Entity/TradeOffer.php": "d6c1ddb6891bfcb12f364e87cc5e05fb6552b51506ec2f8bb1517076da390d5b",
    "src/addons/DBTech/Shop/Entity/TradePost.php": "4f1381a4315ead8d1a9a356dfa3d4086ed451dc2a9b10e541c854006e4d8f6eb",
    "src/addons/DBTech/Shop/Entity/TradePostComment.php": "4ec841399f983b00bd99c389c5cb17489afedd6f4a55713083c0176a315661cb",
    "src/addons/DBTech/Shop/Entity/TradingCard.php": "2e53c058a578744248ed0241178a0fef61edc1dd22b9a59522acff842c3581d1",
    "src/addons/DBTech/Shop/Entity/TradingCardCollection.php": "919a9c1f8c60c017a2f525bfd0309aff83014ef8ea129bb761ea70dcdf00c3bf",
    "src/addons/DBTech/Shop/Entity/TransactionLog.php": "dccbb8bf32fc18258fbcaea692b7f1ace45af8745d38d93b2e7e530354afd837",
    "src/addons/DBTech/Shop/EventTrigger/Buyback.php": "bd8f293141083e8fc64bc6ceac0732fff449e25813e73f9c17b0d06ff20f085f",
    "src/addons/DBTech/Shop/EventTrigger/Deposit.php": "33bef05d7185d532adedd9f20725d3fb2563d05a127de3130fcfb14b5ab338ee",
    "src/addons/DBTech/Shop/EventTrigger/Donate.php": "1edf065e5f79a550de8b06049cfeb41ef3f6684b8625358bfb3417a7465b4a55",
    "src/addons/DBTech/Shop/EventTrigger/LotteryPrize.php": "e68c61eb82a985f8740001a2c981776c74a450324d5b3c9b527f017597b4f7e8",
    "src/addons/DBTech/Shop/EventTrigger/LotteryTicket.php": "9847662d4ee7e4b703d52a7ccf8d1a544743b7d0dffa72ce042adffccd83be98",
    "src/addons/DBTech/Shop/EventTrigger/Purchase.php": "495bb128a35543eaa008585c8d1f4016719f3ea7ccf1f6d5e98c034411202b0b",
    "src/addons/DBTech/Shop/EventTrigger/Sale.php": "502240fd7d7336e2d8e3c7090c98b5bb137ad10da6d63b698e670b546e5fcaaf",
    "src/addons/DBTech/Shop/EventTrigger/Sellback.php": "6a6c4011ed1eb1f5dcfd6efd372a9a4bc9270807ba51d9718df26d14fe8d5adc",
    "src/addons/DBTech/Shop/EventTrigger/StealFail.php": "f8211a6fea540bb8d7a1ab4e66bdc2b7616b242fc0ab93b027c0adfda27d80d2",
    "src/addons/DBTech/Shop/EventTrigger/StealSuccess.php": "2734912d23b53e7e1871abe18ea52f10d634cf30b698e876cbabb7dd6c6464d4",
    "src/addons/DBTech/Shop/EventTrigger/Trade.php": "979a55ef7a950a59e3e05e9984f8b3e0ca45b6d6ce8255129633aad4d7275ce2",
    "src/addons/DBTech/Shop/EventTrigger/Withdraw.php": "e6ff7b2eddf68f8cce3a5140ea3ac2593c2f807fdbec2ffa5ab95381661b4a07",
    "src/addons/DBTech/Shop/Finder/Currency.php": "85a5b0d515dd0c73d0ab43359c3f0d26d4128129dbe2d8d7ef1be4c46610acd9",
    "src/addons/DBTech/Shop/Finder/Item.php": "e187f5ba59e28f5c6c415e2b99da5d725f8b67819541527afbacd8924aa69451",
    "src/addons/DBTech/Shop/Finder/ItemRating.php": "8be02b72944df888422718e4c2385dfe840371790495a8e3b166999a410df5b6",
    "src/addons/DBTech/Shop/Finder/Lottery.php": "0b33d968dde70823c5dd0b1579e864ba46fb25bffdcd190ed5b2fbc2f83f25c6",
    "src/addons/DBTech/Shop/Finder/Purchase.php": "47aebb1aa3b6c4707816f91315b2d17e284bf687d4334a900591183f4130df67",
    "src/addons/DBTech/Shop/Finder/TradePost.php": "49553731f870e8803742b70558ef87b7bad6e97c97fb770c91700a3d4340130e",
    "src/addons/DBTech/Shop/Finder/TradePostComment.php": "81b1cb5694eb5186847d858a4e0e4f9d1bd36dbd9b9a2ecbb97b6d5f8826ed77",
    "src/addons/DBTech/Shop/FindNew/Item.php": "b583a94634cb812b3982d58865c70452d0e84ecc6d71e5b06563f3900fdf1fcc",
    "src/addons/DBTech/Shop/FindNew/TradePost.php": "56f18cf31786ede8e4a262b60ad29c5c23f3c7283290b2459d12b52d5b98e8ad",
    "src/addons/DBTech/Shop/icon.png": "d81f3488fef2d95337832ab21092a1fb8cccdb448b291255cee5348ef4e8d6db",
    "src/addons/DBTech/Shop/InlineMod/Item.php": "14bfdaeb86113914c17177299f9a891ac4e2b1c66f3912f3d02ddf889eebac6b",
    "src/addons/DBTech/Shop/InlineMod/Item/ApplyPrefix.php": "f6277f9ce54c48fbdcc9549e767f63e94100b5cb4b453899363e0a19982c5d1b",
    "src/addons/DBTech/Shop/InlineMod/Item/Delete.php": "61c6ed390066ef645202b3fa0766c88321215564d5719e4eb589f99f5d9dfe95",
    "src/addons/DBTech/Shop/InlineMod/Item/Move.php": "734bc77928a740acf2b904351be3e6c8cd6de25b20c39c1d232ffc29a60d1abf",
    "src/addons/DBTech/Shop/InlineMod/Item/Reassign.php": "43619adfdf859a3d95c6375c3dc142f76d08e5f9b31496025b4dcbecb1bb30fd",
    "src/addons/DBTech/Shop/InlineMod/TradePost.php": "263b8b932a33060fd59fc03e63e4a7e4040704bc6564341bccb123c236ce1c63",
    "src/addons/DBTech/Shop/InlineMod/TradePost/Delete.php": "220cc9e28d4a7061379ea60120fc46cb70885bd6e29b4c29a49d42b943b56400",
    "src/addons/DBTech/Shop/install-upgrade.json": "91dda8611727ef3c1324dad2e4e50a1769a28ca9987dab851170c8f9e1b23b3e",
    "src/addons/DBTech/Shop/ItemType/AbstractHandler.php": "6923af9b6ed42a5e211899134b99756ec19e8dd9837292465f8f8817c0eb8e09",
    "src/addons/DBTech/Shop/ItemType/AutoBump.php": "fa057617132785a7dea7abbded0bd04d4e4ce8591cfb5f6d2241f67cf5b8146e",
    "src/addons/DBTech/Shop/ItemType/AvatarChange.php": "5fdad3a8a36dc16daa2700d8599dc64a7089866e5da50d50abb87f31792004be",
    "src/addons/DBTech/Shop/ItemType/ConfigurableInterface.php": "717926a8066bb740d966f3e44bdedf28cdcf98aa0083112e48202613e6ce33ba",
    "src/addons/DBTech/Shop/ItemType/CreateForum.php": "9047c8bd80cbe5dd65395d31e7f668b352544000a0952ecab7cb6d2e1585129a",
    "src/addons/DBTech/Shop/ItemType/Custom.php": "df23c0308f7339bf14c4d45feb5e45502283784b0e3255b867a737cdac902847",
    "src/addons/DBTech/Shop/ItemType/CustomIcon.php": "479e62d4f214cacaa079f57f2b648944466a5e8ca12a5029280f52c33b647356",
    "src/addons/DBTech/Shop/ItemType/DeleteThread.php": "09a8a0c8865c09b43d2843d6a6fc0d24fb45fdd614de721d5f7420b9d6c6638c",
    "src/addons/DBTech/Shop/ItemType/FireModerator.php": "6d4686928bf7699209fd4afa1c5f64b6d348547e99fea4d75f4e71d715e4c7cc",
    "src/addons/DBTech/Shop/ItemType/ForumDescription.php": "0e504a3e544b0955d760736e7ea8dbf98ab7af73a2acf324e24cad1389eb071a",
    "src/addons/DBTech/Shop/ItemType/ForumPassword.php": "85a9f5264b88a1607806f0c77fe2493a7c2b2894c50d2fe809270dbefcca40ee",
    "src/addons/DBTech/Shop/ItemType/ForumPermission.php": "5e91ade8e7fa6a840ad46f0908ee938b8c5ac48ab6dfb928002c371f1646aad0",
    "src/addons/DBTech/Shop/ItemType/Immunity.php": "80055ca1cac1a541c4ec2bf3a79aedf37568b13d43f415144cfd820c193e177c",
    "src/addons/DBTech/Shop/ItemType/IntPermission.php": "978fed4c4fe8e3dd910829b9cb0f6a352b2594a3721c74fadff1e5fc0dafbebc",
    "src/addons/DBTech/Shop/ItemType/ModerateForum.php": "c91c551352ed01747ef72a6d484f28256d7bf4115abb85f79f2baa63525a23df",
    "src/addons/DBTech/Shop/ItemType/MoveThread.php": "d2e84e9cd279634ea3a6f7dee875504dc7966d47aa22eeb6eb3b7762961914e1",
    "src/addons/DBTech/Shop/ItemType/Permission.php": "5ac751e55b0d0626d305630af6f00a751b295e325cdc93ddfd894ca8dfbf829f",
    "src/addons/DBTech/Shop/ItemType/PostBackground.php": "1bb22f8451fb1418e3843f7a8c6fc4a8b60ec5b35e1e480f0c4126c53151c520",
    "src/addons/DBTech/Shop/ItemType/PostBackgroundPreDefined.php": "5077ca8893f82e4af0307eff21d3e8255c4cafcf8699660b84427c2d6e058207",
    "src/addons/DBTech/Shop/ItemType/PostbitHighlight.php": "cd669e45f7660b909bb3eb20f7ddadc977abc80bda0243d15f3c4a9e77c56a7a",
    "src/addons/DBTech/Shop/ItemType/PostbitHighlightPreDefined.php": "e80b31cb0f5b22240d8029c587c4e63159b5644eb1ce8dc10f4fc65a831f5cfc",
    "src/addons/DBTech/Shop/ItemType/PostStyle.php": "0a576b84e0c7e9c09bafd095273620ea7d4bb2c7f739947ea945389983dc7b59",
    "src/addons/DBTech/Shop/ItemType/PostStylePreDefined.php": "75e45aeef46212ca6105a3335bbf756a8d564bb8ffc19f309fade3dfa9217461",
    "src/addons/DBTech/Shop/ItemType/ProfileMusic.php": "51f60b62799e338c1fec9b8e38f775ce608df123c93ea4ced4cb55641be2b28a",
    "src/addons/DBTech/Shop/ItemType/SignatureChange.php": "ac4495fc60697b45e1a1018adbe21c18b5504f25f4c08ee517800b35032604c9",
    "src/addons/DBTech/Shop/ItemType/Smilie.php": "cf43483cb7a6c41d5a29d8a85cad2bc56092fcfaa036bd8ed00da08419eafd87",
    "src/addons/DBTech/Shop/ItemType/SmilieCategory.php": "eccc47fc9cd4607f61e4e1e34fadaa724eccde74fd59d6a07c3964377b5470c5",
    "src/addons/DBTech/Shop/ItemType/StealChance.php": "f1e92311ed2b41a7df6d3ce6c85cd15d64f2b11dcb1c0871d74d58bce2dc9f04",
    "src/addons/DBTech/Shop/ItemType/StealMore.php": "837f22b0b7effe5778d0344743d9f9948270553c4061e46c9679210b1f6dee27",
    "src/addons/DBTech/Shop/ItemType/Sticky.php": "3671be5fdfe75a38503247b714b1be910f37352e791156fed1cb11d0333f0737",
    "src/addons/DBTech/Shop/ItemType/ThreadBan.php": "bc2365ada52f8de3c0c3409b753d0ee2636798be2adb6dd3641edf0e2123a28e",
    "src/addons/DBTech/Shop/ItemType/ThreadBump.php": "6251a469a171f0af412c041c394b81d75f62a5a297373084225ba81a1d52bb91",
    "src/addons/DBTech/Shop/ItemType/ThreadHighlight.php": "6ac9b6947709d37e36a1248402a71fba3aba529036477bf120321ad905c952d1",
    "src/addons/DBTech/Shop/ItemType/ThreadHighlightPreDefined.php": "245a156d99b6aeb65068dca1e6b2493e423bfadee6f77fd13522be69cc904306",
    "src/addons/DBTech/Shop/ItemType/ThreadTitleStyle.php": "22c5ca9c640bbceb34bd8d6ddd5794ef3c10a89afc7edca7bbb497402b7f2cab",
    "src/addons/DBTech/Shop/ItemType/ThreadTitleStylePreDefined.php": "814a800b98d695a36487ba965358ef0f97f44e62c239dee2e50225c47cc6e1eb",
    "src/addons/DBTech/Shop/ItemType/UserGroupChange.php": "50d50128339dbc21d7ab6e790137b1eed16ad5dae62637433033086b5567c56c",
    "src/addons/DBTech/Shop/ItemType/UserNameChange.php": "9f45adbba9197a90b0db71eaf1a9f209a044aea7ed7d832ec01339f79c252032",
    "src/addons/DBTech/Shop/ItemType/UserNameStyle.php": "55c4af02b091d90f2bc7a786c17df6c8d8c62bfed5aafd055b7c8eff27b78726",
    "src/addons/DBTech/Shop/ItemType/UserNameStylePreDefined.php": "3df54c857017fe29ba3cabb152527423516a648e10e42c00919d323be88bbdcd",
    "src/addons/DBTech/Shop/ItemType/UserTitleChange.php": "64a50afc539a85caea9efae9bffe69bbd4de30989d07f062bf8debe18aa862fb",
    "src/addons/DBTech/Shop/ItemType/UserTitleChangePreDefined.php": "1e539ebf913b08195433022fdf2309dd0a74d9d645a0178dd146f947dd3811b9",
    "src/addons/DBTech/Shop/ItemType/UserTitleStyle.php": "7c276e44523a521a5364de8633fd7a8217a3915f9d2c62cf0bd7a5f6ff0d67b1",
    "src/addons/DBTech/Shop/ItemType/UserTitleStylePreDefined.php": "0e775bbda7780893b3685207243e5769d418c8b3591c0de98842ffb21931d22d",
    "src/addons/DBTech/Shop/Job/Category.php": "99f77ef09f327395ed4341118336476adc760b0ec029d668645cbe6897bf78cd",
    "src/addons/DBTech/Shop/Job/CategoryDelete.php": "9c33f8f6ae2e966b0191aeb318e2fb2b58ec3af33ca38cbfb5f490729dfd4999",
    "src/addons/DBTech/Shop/Job/Item.php": "5c2ac13be0298457a11e3884f7248f6b716ee811439d82a0aad0857a4f6f2439",
    "src/addons/DBTech/Shop/Job/ItemDeleteCleanUp.php": "124ba6a1050919781626c5c7af968c218a5cbdc33e9f15fe6f0bd98a0b6e73ae",
    "src/addons/DBTech/Shop/Job/PurchaseCount.php": "0617c7a5c349549acefc0d2d21cad587c6b91c8d7d18e33240253a44f709a2dc",
    "src/addons/DBTech/Shop/Job/TradePost.php": "29f12dea6470df9437fa2f95ca75fad1c647700ed31103556ac9b4af21991b0f",
    "src/addons/DBTech/Shop/Job/UserItemCount.php": "26015d49879a2bbca0afe92fef211c7e297e7fc51c84e9eebc9c884c0f992532",
    "src/addons/DBTech/Shop/Listener.php": "7165f9c4973b87a503dfe3ccc02e10104ade00fa46d8039603f06e9c30e3d90b",
    "src/addons/DBTech/Shop/MemberStat/Formatter.php": "d5bcf3746504f819c484dbef847b7ef32452daa172ce57a5b91f82fdf882ef19",
    "src/addons/DBTech/Shop/ModeratorLog/Item.php": "b61a53c9b8482a1dda46d6aa66821c873d6f864dd56f4b76c80a16a0b8e4ab89",
    "src/addons/DBTech/Shop/ModeratorLog/ItemRating.php": "a4a2e5ee39e86f47caaaa9019d00add790495f938e706898ed8601e3214d8e61",
    "src/addons/DBTech/Shop/ModeratorLog/TradePost.php": "85a96c5dcd5ddd48d0fed4db4a7ccacf1b91ae66ff531834c708f8bf0ac3a95e",
    "src/addons/DBTech/Shop/ModeratorLog/TradePostComment.php": "7345e790d9dd640f2ce994f9d7e21c86d1c78479618b092f7a6af33cd7ec02f3",
    "src/addons/DBTech/Shop/NewsFeed/Item.php": "1000512a303a4bca68119c3ea6357e2874f8bb77085852a36959023b1e14e0b2",
    "src/addons/DBTech/Shop/NewsFeed/ItemRating.php": "cbacd48f75a4acf823dbf350ce2c17c01d40e85c5f158c72aa4a819fa4161d04",
    "src/addons/DBTech/Shop/NewsFeed/TradePost.php": "c7db521fa3a7add0e2e3fca820ab1a0beaa2e97bd41a61d6e19ae94999ff8038",
    "src/addons/DBTech/Shop/NewsFeed/TradePostComment.php": "c6a1c913a3e7d4e5e11534d3b4ed85e5edc5dd8b5ad81fd58a08e0eaa0f90ae7",
    "src/addons/DBTech/Shop/Option/Postbit.php": "e78de8e0a315a10c5221c6e5ca40683625b08d30070d654ab036b609850c911a",
    "src/addons/DBTech/Shop/Permission/CategoryPermissions.php": "9837787582580ea90b0adecf46c3f66743b6ccd41e38bd4bd2229b4620a17583",
    "src/addons/DBTech/Shop/Permission/ItemPermissions.php": "0de72500687a4acc6ed2593a405e1d1771c8df387b4d052beddc729fc63f9023",
    "src/addons/DBTech/Shop/Pub/Controller/Author.php": "4b835c306c4e2b3e7a8be7f1e418163afb008b2040990b737650c045af0c0b3f",
    "src/addons/DBTech/Shop/Pub/Controller/Bank.php": "a7dbbb07b0fd7d96c8a5e7ad7fea2da50eec4d48e4846cd1e541d4bce8713c1c",
    "src/addons/DBTech/Shop/Pub/Controller/Category.php": "4078ad9d86a0be97d77e42001e1a928688686cad30feea847dfaa915d29f3e5b",
    "src/addons/DBTech/Shop/Pub/Controller/Checkout.php": "4fa96a59874d932e4f06c2450f4500497553a644624fc903cd80ca367f560e7b",
    "src/addons/DBTech/Shop/Pub/Controller/Inventory.php": "d6283119b634189263c30ed77995d3caa1ff0379cfc8bdd400a428e83c93c1fa",
    "src/addons/DBTech/Shop/Pub/Controller/Item.php": "53fc4e6827f27146c49da01c60dfbb5cc2326df2c6b654d60d9560c276d8371a",
    "src/addons/DBTech/Shop/Pub/Controller/Lottery.php": "7e04cd65bb085c9b763187e7acc9fdd838cd7a6e24a90fcff4e0b170fc3f3f67",
    "src/addons/DBTech/Shop/Pub/Controller/Review.php": "7d3fde69b08181f74c178866099caad5c18fa7911c563c180b12de0b9c7d9226",
    "src/addons/DBTech/Shop/Pub/Controller/Steal.php": "c93480e4ff49c0a7b90da5369e62dc74d1ef2f1507283ffa6d00b6082065c56c",
    "src/addons/DBTech/Shop/Pub/Controller/Trade.php": "4ea6fc2c8f1dfc8b2b51646aae969f0af63b156347486e89cdc7e46984ef9253",
    "src/addons/DBTech/Shop/Pub/Controller/TradePost.php": "ca33f335e874cce3ef61e91e5a4e57d74af36add066471c75a7e4b28eee8403a",
    "src/addons/DBTech/Shop/Pub/Controller/WhatsNewItem.php": "45f78cd9dddfe4dae6c94232154b2193426313cb21eab8f27857dee00bc2656b",
    "src/addons/DBTech/Shop/Reaction/Item.php": "82fb5a87cc3c69cd398ad33804a68fa00d7c1ab5291ac64d6b38f480546a24ab",
    "src/addons/DBTech/Shop/Reaction/TradePost.php": "6df88fd6319f0e70c6fa5ddf72d36ebaff4ce35066b6f6eab17ea12f3d5523e9",
    "src/addons/DBTech/Shop/Reaction/TradePostComment.php": "9d1f3dd93f1708571d5d2add4da7a352ef6a79efc9c141db3c46479caaedcb95",
    "src/addons/DBTech/Shop/Report/Item.php": "6d41eaf19edc6ecf177c967a8de3a6013ceb3a958172f1f57150b1377b4187e3",
    "src/addons/DBTech/Shop/Report/ItemRating.php": "84805c42d94b6b0895edf4df7ea44184cefb37fdbb5153e1eedf0d8e470ab602",
    "src/addons/DBTech/Shop/Report/TradePost.php": "36b60475ba50bb511178670dbb5989e9fed27e77f3ae7fd92225834a3833410e",
    "src/addons/DBTech/Shop/Report/TradePostComment.php": "68d467103344e6e1512cf410ba31e281abe80fd2dbe805bb1c8ac7a55c838471",
    "src/addons/DBTech/Shop/Repository/Category.php": "037c920161581c532d0ffcca2196ed4b920a1d18435c2221a847805514d5b518",
    "src/addons/DBTech/Shop/Repository/CategoryField.php": "d81eecf4b7bad60a83173a8a9864586865d5c142406bbf793d99a30be8e738e6",
    "src/addons/DBTech/Shop/Repository/CategoryPrefix.php": "a925176556b2aef52b9b587b040777d25458cbf4393d06ed8dc9a8509c5df445",
    "src/addons/DBTech/Shop/Repository/CategoryWatch.php": "ae3dd7ef2aa528bc94f1a8d259f1dfa8ed152065a8388f1478a664df8226c051",
    "src/addons/DBTech/Shop/Repository/Currency.php": "bdc9fdc84bb6fff38f218e2906bd56fe106074042acf2a3eeadca4a15a248337",
    "src/addons/DBTech/Shop/Repository/Item.php": "0dc018b3c5d464ef851eecd12748866777ab5af2b2a784d8377f44858cf83391",
    "src/addons/DBTech/Shop/Repository/ItemField.php": "3f138a725b54451797e5a23dd1f9c2248fd653a9e7e8dc43809dfbcebe4cb487",
    "src/addons/DBTech/Shop/Repository/ItemFilterMap.php": "54c3ce346825aff96e8d354e2706be1705f4ff2dd836766c1a3386eeae9b3145",
    "src/addons/DBTech/Shop/Repository/ItemPrefix.php": "862df53a9c20c14a74d2a70d63409010306644849d1c60b83c6a7047754fb0c3",
    "src/addons/DBTech/Shop/Repository/ItemRating.php": "30893afe7c21bca5df23cb1438727ba8827412ae43945b158401fde2e4db805d",
    "src/addons/DBTech/Shop/Repository/ItemWatch.php": "ada02d26a34d632005ca21ca051478ccbaa4883ec82c4509fd5a6b64abd50bcf",
    "src/addons/DBTech/Shop/Repository/Lottery.php": "87fd47f697d4b1a70df5f2dfa20e698a9f9373a9c60927020b51c9f84d612a42",
    "src/addons/DBTech/Shop/Repository/Purchase.php": "8fc7c972a811bf0f38af2d42b1747cd013815112bfcd6e5fd92856ed822f9477",
    "src/addons/DBTech/Shop/Repository/Trade.php": "43bbfe045f58755a7ca677f1bef10abdc0659010cedc14000553b0efc4a6bec2",
    "src/addons/DBTech/Shop/Repository/TradePost.php": "5caeb8c0d91cc3b9a1ae45114b4aef5334f513093776815511ebd78d0c41cd48",
    "src/addons/DBTech/Shop/Search/Data/Item.php": "97d461d2f5db1e569128cd3e4ccb0082d5830a209f3b78f426fc624f8b1c72ca",
    "src/addons/DBTech/Shop/Search/Data/TradePost.php": "0023742a30a17b3fb060880c97dc4441b3e13e8f9fde40d0f9836684fb8da6ec",
    "src/addons/DBTech/Shop/Search/Data/TradePostComment.php": "f31e29c737ef915aee9f80a39068317b73d51a92d969579a91ec2b76d882de1c",
    "src/addons/DBTech/Shop/Searcher/Purchase.php": "dc4bcfb65cfc9e653f6c4da061d76d4453a304b78688c2c1692a595cfebdc531",
    "src/addons/DBTech/Shop/Searcher/TransactionLog.php": "4945b56cb2e185ba61a7e2ea965ca4d4979ac9d88e687e8b3d381c7bb9156df3",
    "src/addons/DBTech/Shop/Service/Cart/Complete.php": "a0c5a214d304d76f1a9aaf6a9deec6eddcb0410df0140adfde662e13a89d8efd",
    "src/addons/DBTech/Shop/Service/Cart/Creator.php": "c46e43860fa79120cfff05e4a0d6e6708c317a890f0282dbb6a7debc4c17febf",
    "src/addons/DBTech/Shop/Service/Item/Approve.php": "e75487db7ed85fd08878df5e96ab16d018adf2d8999f549d6bcc31c83fe45854",
    "src/addons/DBTech/Shop/Service/Item/Create.php": "bd463adb5b4184dabc4647808bf6c399c08df8fc1ea7ab0d652c1c8ee2346191",
    "src/addons/DBTech/Shop/Service/Item/Delete.php": "99f9a3591ab38e1caf993d15ddb34a00e88182919f861ee9f9289da603cdabe2",
    "src/addons/DBTech/Shop/Service/Item/DeleteCleanUp.php": "8f4fd2e08a79604f1c67fe5e8ff8e87c240a7a4ec3968f198686a7ec04dd5258",
    "src/addons/DBTech/Shop/Service/Item/Edit.php": "e1e3b3f6fc0edecfe8366cab8b43fe0c5efb68cbc001f37eed840488b34967c6",
    "src/addons/DBTech/Shop/Service/Item/Icon.php": "8527f25b609327975e843ccd996b37ba4032f2d8ed35c94a620c1aed64084b8b",
    "src/addons/DBTech/Shop/Service/Item/MessagePreparer.php": "d1b8447762d8339f12206ec55e8a4f524b4736068f2837bd3e19d6c3357f2e0e",
    "src/addons/DBTech/Shop/Service/Item/Move.php": "2f4d88ec15fa2027018d24b171c5388d832e25943410ee0f53de52e661c0e23c",
    "src/addons/DBTech/Shop/Service/Item/Rate.php": "9ee75a95f9541a591c06f93cfb82117d67a05090854f265c3820eb8fb62a88ee",
    "src/addons/DBTech/Shop/Service/Item/Reassign.php": "2ac13db187b51827cc612422cf8528e3426cfc56a59f7d79fc3a9d4b75aca9dc",
    "src/addons/DBTech/Shop/Service/ItemRating/Delete.php": "60770becb3e4b9b8464b03cced3d966a76cc8d3995e6cc51896fb7cf38851587",
    "src/addons/DBTech/Shop/Service/Lottery/BuyTicket.php": "605816944f3d2d782e04e5fd705c1f74b7ee7cbad4b93a6aa3ffc092190668ce",
    "src/addons/DBTech/Shop/Service/Purchase/Sellback.php": "14625d95c9d41c3572231e4cfd4d0799cf71cef0fd536fba11a22db5c7644aa4",
    "src/addons/DBTech/Shop/Service/Purchase/Transfer.php": "d56426614c79704588f248d09ebbcef553e2ecd7d4c77b07927f650608aa641a",
    "src/addons/DBTech/Shop/Service/Trade/Accept.php": "8cb742246215c4ba59ef56a52706fc41bb0a4a8eb7d27585f6677b06cc130dfc",
    "src/addons/DBTech/Shop/Service/Trade/AcceptInvite.php": "253463d85ffdd128f2e2d71b093442bc955e4ba5213cfb482a6a37333cfa271d",
    "src/addons/DBTech/Shop/Service/Trade/Cancel.php": "f81054861be47f1f2fea83830da36b62a6b9bdf2436800719c000cf8f1defef3",
    "src/addons/DBTech/Shop/Service/Trade/Creator.php": "c83b88c5c87b123711738c395ee4eb97c3137f65fe8852b85def1a467255fd90",
    "src/addons/DBTech/Shop/Service/Trade/Editor.php": "8bad44a691f07b13840ed52fb3f05f223c6d0801db3c05ab18cb24455627d0ff",
    "src/addons/DBTech/Shop/Service/Trade/Finalize.php": "e40b375dc79613cf31293eb4fff69a60e0f19e08f39b72d54fc783d6d524219e",
    "src/addons/DBTech/Shop/Service/TradePost/Approver.php": "5e60e53ff6f8d83384f5d33085fc42a71e2c914b5ddb35237586d7d7cff7a271",
    "src/addons/DBTech/Shop/Service/TradePost/Creator.php": "9b63d9a08aff84f51088ce908aa2ba78bbf6caaa1f6588f69909ea5ed72cea4d",
    "src/addons/DBTech/Shop/Service/TradePost/Deleter.php": "101690758729664b462f874f1e5185e94d67b0f2413837d06f7a2263017e78fb",
    "src/addons/DBTech/Shop/Service/TradePost/Editor.php": "00e8e8cbdc98c85c495287796ee0521938226f471cdef03860797bb9ee50d898",
    "src/addons/DBTech/Shop/Service/TradePost/Notifier.php": "2933f76880213120b8f20c612742e58fcd88097b0a8baed174c0c30db3f12b28",
    "src/addons/DBTech/Shop/Service/TradePost/Preparer.php": "7c4fe2b5fa43a406ed6587bf5eeb8f29bc9f214e79b28637ee4f1b9600cf9e47",
    "src/addons/DBTech/Shop/Service/TradePostComment/Approver.php": "50124c2694ff529c0ef37c5385514858bc9530c20cfeb6057f5b774d3c6bd38e",
    "src/addons/DBTech/Shop/Service/TradePostComment/Creator.php": "866acc820d613d84a421674e07351b555968b3ff6e7fe352024763ae83f9a967",
    "src/addons/DBTech/Shop/Service/TradePostComment/Deleter.php": "378f242e82f441990ce9e11f302f90b6c0fff8ee715faf4cea95e3238b83dc7a",
    "src/addons/DBTech/Shop/Service/TradePostComment/Editor.php": "50979a5e978c3f12818877515a701beb51682f1d12dc21abadae6a8deb2de56c",
    "src/addons/DBTech/Shop/Service/TradePostComment/Notifier.php": "83179e21bf061fd5db7f4f373ca707063612738e888f6bbfab27aabc2f0a2330",
    "src/addons/DBTech/Shop/Service/TradePostComment/Preparer.php": "2514e58cf17fd1260c2ba8f53130acfdd36180771a34f4f0c14d4a8624222753",
    "src/addons/DBTech/Shop/Setup.php": "5ba388ea0ccc3ba770551a5176f4225c0acaf3f77d71983197703331ee7c0baf",
    "src/addons/DBTech/Shop/Spam/Cleaner/Item.php": "f460db6256ae202dd119388be702765bdce228b03ccf31a6ddffc01791dc8597",
    "src/addons/DBTech/Shop/Spam/Cleaner/ItemRating.php": "9da338022a4b15b732bb5d1977527721b76d53f371d9fbaace70388d0b4d0e6b",
    "src/addons/DBTech/Shop/Spam/Cleaner/TradePost.php": "64038d414c0dc58bc2156821fd2dac5470dffbd6d2475b873815579a657333d7",
    "src/addons/DBTech/Shop/Spam/Cleaner/TradePostComment.php": "8b97513820325e52d67a8023773b3319c5f61385e20da83ba2def930d8d20671",
    "src/addons/DBTech/Shop/Stats/Item.php": "ef6ea6da25e54fab030f4360c3d5aa2a2a3b7e76620c4d12b6eb01e4384a2275",
    "src/addons/DBTech/Shop/Stats/TradePost.php": "b3add1bb515c0a45c246b16249234748108ab29a017d686f3df7d8d23d4562e7",
    "src/addons/DBTech/Shop/Stats/TradePostComment.php": "a2658fd02ca15185429b90f8fc5d24eca16bf33efd979fedf4cc44fc5d554ab6",
    "src/addons/DBTech/Shop/Tag/Item.php": "fcc156ae35f363497d82b795e666c577ae50de983713cb2261459ee4cdc8d46e",
    "src/addons/DBTech/Shop/Template/Callback/Copyright.php": "6d5e655783fd4f365efb4c6ddac338a273df39c501e7703b7407fd2bd3b78229",
    "src/addons/DBTech/Shop/TradeOffer/AbstractHandler.php": "be4873bafc1f3ef5cfa8d5e79be2a72baf5d15149589bff76ee6c6c60f565553",
    "src/addons/DBTech/Shop/TradeOffer/Currency.php": "a669bf97ea6a6cf2d7cf1485fa91a719a05cfae881982cd621617b99e5f01c1a",
    "src/addons/DBTech/Shop/TradeOffer/Purchase.php": "d78e1047b4aae7ad5ee0b1bcdbe3cb6ee370ba24765dc5548cd5eb676ff84ab6",
    "src/addons/DBTech/Shop/Warning/Item.php": "0b4a8759ae47dfe9a7f4d17225ce4df84465df822ab09d4a1610c8b9d57dfc09",
    "src/addons/DBTech/Shop/Warning/ItemRating.php": "04db61288d61c04134e1d794bdf2ae2e35deddd3d0c0bbff57ea1059045c0766",
    "src/addons/DBTech/Shop/Warning/TradePost.php": "5561123cb5d9abe9570188e8e66a313152406a2caee261d9a3dc6c53d7d90225",
    "src/addons/DBTech/Shop/Warning/TradePostComment.php": "d8652dfd949f514f3083133c1bb1396438b3eb7caca9644da09ef7289c3dd7c7",
    "src/addons/DBTech/Shop/Widget/Cart.php": "e5d69ab6aea82f019d033f5499844cd067196273a2112d5162da576ce882d748",
    "src/addons/DBTech/Shop/Widget/LatestReviews.php": "b3eb36ecd7a5612b044102983ab6028677256da19bf0ce2bd7e19b133e07aba2",
    "src/addons/DBTech/Shop/Widget/NewItems.php": "f25bd1f3a5c52610751282a3faf38797862a9794b04802e905134a4c90ba6270",
    "src/addons/DBTech/Shop/Widget/ProfileMusic.php": "dee36e83242e290946f447648057ba08ae72bcaa2d435e3ccdac8ddb65702d39",
    "src/addons/DBTech/Shop/Widget/Richest.php": "11a9c5c88ad75c093fc4b66dfff70cf5aae8bc04a189f5461f640fe720647c8d",
    "src/addons/DBTech/Shop/Widget/TopItems.php": "55af8b9676a521ed23ba2330829e7de3c2c8c221c9f7b2606f0ed57ae9163b1d",
    "src/addons/DBTech/Shop/Widget/Wallet.php": "3a013dfa814578484507585eb46993495b028768b435a11f63577a8444d70adf",
    "src/addons/DBTech/Shop/XF/Admin/Controller/User.php": "cbb3debdd8141325d60d28afee609a40b95d071b49e95fc2892ba73d7212b982",
    "src/addons/DBTech/Shop/XF/CssRenderer.php": "1a19efa3a1d54f7d04627d330ae4fe5ab5f7e93e9ea00626a2f281405749f767",
    "src/addons/DBTech/Shop/XF/Entity/Post.php": "56735b059ea92c53f00355b241547966390b0c876b38f456aa03769b1ffb79e5",
    "src/addons/DBTech/Shop/XF/Entity/Thread.php": "46574cc509f4abbec1abd44c1d024e707442f241920934e2e89452a8000b693f",
    "src/addons/DBTech/Shop/XF/Entity/User.php": "b1ac72e152bb8c6b64da2402e37a6d9bd010d61ec728d32c02d3e4f70172fe8e",
    "src/addons/DBTech/Shop/XF/Searcher/User.php": "6793197df2a4c3c08236d2ccaba12c164fe6cdef0217e917293f6bbf7bea7e67",
    "src/addons/DBTech/Shop/XF/Service/User/ContentChange.php": "87f5035cbb941f122613dbd2e772603171f58db74d092a9ef689dfae7b5bae8f",
    "src/addons/DBTech/Shop/XF/Service/User/Merge.php": "87fc02a6b3e5658b574792b217fbf2bb5e2b97bd6310e21e6bb40bfd87f04909",
    "src/addons/DBTech/Shop/XF/Template/Templater.php": "af3a6bd97fcbf91d93ea4fe21ba88ace683235a6d2961a661d77c9bee84d698f",
    "src/addons/DBTech/Shop/_data/admin_navigation.xml": "a5bfb644ac80fea06ac15fb1eac0a27e01c774e83bea4bb4d944e99b939110cc",
    "src/addons/DBTech/Shop/_data/admin_permission.xml": "c2cdbc6528380f0d9efbd3f4511869c4d913678b11a517bd136dc99a5feecbc0",
    "src/addons/DBTech/Shop/_data/advertising_positions.xml": "c9b9d1159ca76865775c7a8fb1694116b3ed64f796b999b99ea49169d54a4816",
    "src/addons/DBTech/Shop/_data/api_scopes.xml": "7d0bdd4791fc68d746b108348e38fdfb9ee2e29ea6b5298665ba2712103e2fdf",
    "src/addons/DBTech/Shop/_data/bb_codes.xml": "e559a972fec58b05acae6a47b9f12ec42a439f06a7ac7669b06b651db8f438cc",
    "src/addons/DBTech/Shop/_data/bb_code_media_sites.xml": "b42e66ff19c650e66ff63ec21d192ba7f597414296f72e3143bb762b9c36d340",
    "src/addons/DBTech/Shop/_data/class_extensions.xml": "b563977ff33d6b46ebbf1577b98edcd38bb8237181b46127167d7ab879a01288",
    "src/addons/DBTech/Shop/_data/code_events.xml": "434f3b3bcb7ac2baebe51669d60d11c1f3d48ca3468870f695d1082f35330d56",
    "src/addons/DBTech/Shop/_data/code_event_listeners.xml": "e7f016b72aff7bfd061781c9d335ed24c7576fba791f784fc93ace5feaf7dd06",
    "src/addons/DBTech/Shop/_data/content_type_fields.xml": "793c87549c671ea19da3d83a4e6fa4622361bccc8cbdf999e041471cff395e7c",
    "src/addons/DBTech/Shop/_data/cron.xml": "ad7bf3edc80d3eab22fa1502bc4dafb25c06a67329cfab4e112763d468cca3fa",
    "src/addons/DBTech/Shop/_data/help_pages.xml": "d955479408ed0af082a51fd305f2a481bf1f35033cc794e8bc0ba6b49269511c",
    "src/addons/DBTech/Shop/_data/member_stats.xml": "5253bfa0546572a1db5d82bdd4748ce87e19dea9e65d51625a84c30e527cd299",
    "src/addons/DBTech/Shop/_data/navigation.xml": "56eed408a53bc81e66ba5472579b283d0dd48bd0fc1252980961a22d8f5802a1",
    "src/addons/DBTech/Shop/_data/options.xml": "5a71aeb6aaec5d8f55c0bce161d57b919484d52a84a8933e9bc9037bfe0457bc",
    "src/addons/DBTech/Shop/_data/option_groups.xml": "700e868e305cffa254bb81a6964d43176f41584a4642ef1607af673447d05dcd",
    "src/addons/DBTech/Shop/_data/permissions.xml": "161bf552cdd1cd1d2c1d3e98b3e76b66b5485b1d130cc33e27f06659b5801770",
    "src/addons/DBTech/Shop/_data/permission_interface_groups.xml": "70c108db6110fc11676bd0884d65f83beab066f05deff535b761b3deb7a8e3c7",
    "src/addons/DBTech/Shop/_data/phrases.xml": "c95604a116bc4febe8b247b003939b05eecf60939d8f5091e115d275bf7e6506",
    "src/addons/DBTech/Shop/_data/routes.xml": "7b384663b8cd54aad7e91c00c6b65e046f4f856a84178de04d673ee0aab539e1",
    "src/addons/DBTech/Shop/_data/style_properties.xml": "55dfb5fbd29e0a789eef6465c201e3c967d31f88d6ad3764ce6eefcc1ac5dab9",
    "src/addons/DBTech/Shop/_data/style_property_groups.xml": "eb1c3874f7ace0be01e2abc4d1128e919f9fdea60ca907df517ccaaeba040fc6",
    "src/addons/DBTech/Shop/_data/templates.xml": "70780eae52f8288131f8274f399d1016245513cb451d31210404a205174311ea",
    "src/addons/DBTech/Shop/_data/template_modifications.xml": "00c79538365e0272bec3d99cec278cea66de4a5d53c2a37dcad20f65e21c619e",
    "src/addons/DBTech/Shop/_data/widget_definitions.xml": "d7777c1ab2456d24f8e772ec4f93d3a5cd2512d061bf9a1c771bef27fae7cba9",
    "src/addons/DBTech/Shop/_data/widget_positions.xml": "efc5f77790f88b4790c3fdc9b6c0986404438fccd533de333998c44e0dc4fcca",
    "styles/DBTech/Shop/index.html": "e3b0c44298fc1c149afbf4c8996fb92427ae41e4649b934ca495991b7852b855",
    "styles/DBTech/Shop/items/cake.gif": "2cfc71077cdc112bea9bf5e40e3844f78054fe5270e0142abdc11964f69a5714",
    "styles/DBTech/Shop/items/cat.gif": "3f3012eafe308154b99f520c06641b9f0768181c8ad75e3ff74b4316f735fc66",
    "styles/DBTech/Shop/items/certificate (2).gif": "610072b08d50fb743f33168d6172be14729b59526301837ac2da419ee43c2fa7",
    "styles/DBTech/Shop/items/certificate.gif": "610072b08d50fb743f33168d6172be14729b59526301837ac2da419ee43c2fa7",
    "styles/DBTech/Shop/items/certificate 2.gif": "435df5be47b60bcddeb1cd235703d1e0b86e46e780be8c5f634c7c141b23abfe",
    "styles/DBTech/Shop/items/certificate 3.gif": "c97e71a8c4ff06bf7f430c0798fff0caa606fefd559dc73a98725ff632426635",
    "styles/DBTech/Shop/items/completedeck.gif": "e24274e4292cd99179dc19c4abd53ecc965e8f653f24a5bc07956d14ee9e237b",
    "styles/DBTech/Shop/items/devil.gif": "60d7b3ebb5b983ceb24cd5d2423dcd4efc22bc3895f519febb3c609c32911ec2",
    "styles/DBTech/Shop/items/doll.gif": "9cb4b825a06ac961616b2bb25b8d840361a063bbf768d213273f1d9df52a781e",
    "styles/DBTech/Shop/items/dolphin.gif": "8bf1e6656663998265578accc91aaaf47d7ae689fc70c3271b0a91e604e9417e",
    "styles/DBTech/Shop/items/elephant.gif": "aa601392f513574b95c19a1bce00ce1c125c642e429e47a4689d4573d776ac6c",
    "styles/DBTech/Shop/items/female.gif": "1cfea07702d19b2415f1c72bcad45b6b7e5a0ca83bd8bf8b11c8f6035f8f9cd1",
    "styles/DBTech/Shop/items/fuzz.gif": "14a20863bdbe82eb20190a3baef14e53b016a7cc02244eca835c8e05ab2bad48",
    "styles/DBTech/Shop/items/guitar.gif": "b0bdcff6e848601323777cbf0c29b6157cc3920614fdef47a5dcb9dc4522c17d",
    "styles/DBTech/Shop/items/heart.gif": "ea9cae64bdacd721c86668e20dadc45741b0862bfc25de8f1b3bfa3214b35135",
    "styles/DBTech/Shop/items/index.html": "e3b0c44298fc1c149afbf4c8996fb92427ae41e4649b934ca495991b7852b855",
    "styles/DBTech/Shop/items/male.gif": "0f0acfa514f6b73cf2056efbc7687b7cd880ed78ccfc593de011ac6bc213456c",
    "styles/DBTech/Shop/items/medal (2).gif": "120cae001c8499b566b63e028a015ea8ba5fcc882deb87cb6886a6189b7d65c3",
    "styles/DBTech/Shop/items/medal.gif": "120cae001c8499b566b63e028a015ea8ba5fcc882deb87cb6886a6189b7d65c3",
    "styles/DBTech/Shop/items/medal 2.gif": "5d3eae9386be8cbd415a4eada9907fba3dd723dedc84fe2b5ef99753f6b77af7",
    "styles/DBTech/Shop/items/medal 3.gif": "539c05199d22701f9b1ba024cadb6e6a3cd9c64068a896daa5ee34093a859bf7",
    "styles/DBTech/Shop/items/medal 4.gif": "8d70e3a1c0ce88d63cdedd4552faf2552a9739a980aee162c0e29d5cd53c9141",
    "styles/DBTech/Shop/items/medal 5.gif": "2dbb78907b61183ce7ff161c499ea980f27ff3992538aee88b6265562fe5e129",
    "styles/DBTech/Shop/items/money.gif": "07f072cd0dbb191e2ce3b2ff54b6e00725c93d9d1aff4bd1e9ea8686972ab7ef",
    "styles/DBTech/Shop/items/panda.gif": "89aaef4bd23f08ac0b4ad69651fd54473253bb0e03df0a19c4996cd81d415ae0",
    "styles/DBTech/Shop/items/present.gif": "87aba4da804224113bc758a44883609bef1e2ba6951c27eb7890aa12186e3eca",
    "styles/DBTech/Shop/items/rainbow.gif": "739952c4e2747c4b933b0c4acb05c61319e71000ac7f5b3807041b4979bf14ce",
    "styles/DBTech/Shop/items/rep.gif": "45454d379dfae267f854d53e139a85ccba32ab8703358235616ce36ab199dc20",
    "styles/DBTech/Shop/items/ribbon (2).gif": "473ee8b3f22fcdf179bb6e29e50744fef96936c9ae06f8b67d88e880357a7767",
    "styles/DBTech/Shop/items/ribbon.gif": "f6d3afd299812134a1e3e4fb305091f474c4945ebd4d63f87866707bc7465e4c",
    "styles/DBTech/Shop/items/ribbon 3.gif": "473ee8b3f22fcdf179bb6e29e50744fef96936c9ae06f8b67d88e880357a7767",
    "styles/DBTech/Shop/items/ribbon 4.gif": "8a95b59af666d5d658b52da87fe3b4d35a108333265c19fad0f7525eddb5a7a9",
    "styles/DBTech/Shop/items/ribbon 5.gif": "a758bf202663e1b23efecadd7fff4aff99602e17aae91f9361dc45af224f8445",
    "styles/DBTech/Shop/items/shark.gif": "b28184756616ba90ce5f26d13c88bc266856d146e6386dbd1904dcdfdec322bd",
    "styles/DBTech/Shop/items/shop/cake.gif": "58a0a2355c6fe16026f7f95ddbbec8f40fe704bf39a8ce01ec65915093773928",
    "styles/DBTech/Shop/items/shop/cat.gif": "3f3012eafe308154b99f520c06641b9f0768181c8ad75e3ff74b4316f735fc66",
    "styles/DBTech/Shop/items/shop/certificate (2).gif": "610072b08d50fb743f33168d6172be14729b59526301837ac2da419ee43c2fa7",
    "styles/DBTech/Shop/items/shop/certificate.gif": "610072b08d50fb743f33168d6172be14729b59526301837ac2da419ee43c2fa7",
    "styles/DBTech/Shop/items/shop/certificate 2.gif": "435df5be47b60bcddeb1cd235703d1e0b86e46e780be8c5f634c7c141b23abfe",
    "styles/DBTech/Shop/items/shop/certificate 3.gif": "c97e71a8c4ff06bf7f430c0798fff0caa606fefd559dc73a98725ff632426635",
    "styles/DBTech/Shop/items/shop/completedeck.gif": "e24274e4292cd99179dc19c4abd53ecc965e8f653f24a5bc07956d14ee9e237b",
    "styles/DBTech/Shop/items/shop/devil.gif": "60d7b3ebb5b983ceb24cd5d2423dcd4efc22bc3895f519febb3c609c32911ec2",
    "styles/DBTech/Shop/items/shop/doll.gif": "9cb4b825a06ac961616b2bb25b8d840361a063bbf768d213273f1d9df52a781e",
    "styles/DBTech/Shop/items/shop/dolphin.gif": "8bf1e6656663998265578accc91aaaf47d7ae689fc70c3271b0a91e604e9417e",
    "styles/DBTech/Shop/items/shop/elephant.gif": "aa601392f513574b95c19a1bce00ce1c125c642e429e47a4689d4573d776ac6c",
    "styles/DBTech/Shop/items/shop/female.gif": "1cfea07702d19b2415f1c72bcad45b6b7e5a0ca83bd8bf8b11c8f6035f8f9cd1",
    "styles/DBTech/Shop/items/shop/fuzz.gif": "14a20863bdbe82eb20190a3baef14e53b016a7cc02244eca835c8e05ab2bad48",
    "styles/DBTech/Shop/items/shop/guitar.gif": "b0bdcff6e848601323777cbf0c29b6157cc3920614fdef47a5dcb9dc4522c17d",
    "styles/DBTech/Shop/items/shop/heart.gif": "ded28e0d980496a20594d3600105823721675efdd3e4a106bbe255e61e3d8a0e",
    "styles/DBTech/Shop/items/shop/index.html": "e3b0c44298fc1c149afbf4c8996fb92427ae41e4649b934ca495991b7852b855",
    "styles/DBTech/Shop/items/shop/male.gif": "0f0acfa514f6b73cf2056efbc7687b7cd880ed78ccfc593de011ac6bc213456c",
    "styles/DBTech/Shop/items/shop/medal (2).gif": "120cae001c8499b566b63e028a015ea8ba5fcc882deb87cb6886a6189b7d65c3",
    "styles/DBTech/Shop/items/shop/medal.gif": "120cae001c8499b566b63e028a015ea8ba5fcc882deb87cb6886a6189b7d65c3",
    "styles/DBTech/Shop/items/shop/medal 2.gif": "5d3eae9386be8cbd415a4eada9907fba3dd723dedc84fe2b5ef99753f6b77af7",
    "styles/DBTech/Shop/items/shop/medal 3.gif": "539c05199d22701f9b1ba024cadb6e6a3cd9c64068a896daa5ee34093a859bf7",
    "styles/DBTech/Shop/items/shop/medal 4.gif": "8d70e3a1c0ce88d63cdedd4552faf2552a9739a980aee162c0e29d5cd53c9141",
    "styles/DBTech/Shop/items/shop/medal 5.gif": "2dbb78907b61183ce7ff161c499ea980f27ff3992538aee88b6265562fe5e129",
    "styles/DBTech/Shop/items/shop/money.gif": "07f072cd0dbb191e2ce3b2ff54b6e00725c93d9d1aff4bd1e9ea8686972ab7ef",
    "styles/DBTech/Shop/items/shop/panda.gif": "89aaef4bd23f08ac0b4ad69651fd54473253bb0e03df0a19c4996cd81d415ae0",
    "styles/DBTech/Shop/items/shop/present.gif": "87aba4da804224113bc758a44883609bef1e2ba6951c27eb7890aa12186e3eca",
    "styles/DBTech/Shop/items/shop/rainbow.gif": "739952c4e2747c4b933b0c4acb05c61319e71000ac7f5b3807041b4979bf14ce",
    "styles/DBTech/Shop/items/shop/rep.gif": "45454d379dfae267f854d53e139a85ccba32ab8703358235616ce36ab199dc20",
    "styles/DBTech/Shop/items/shop/ribbon (2).gif": "473ee8b3f22fcdf179bb6e29e50744fef96936c9ae06f8b67d88e880357a7767",
    "styles/DBTech/Shop/items/shop/ribbon.gif": "f6d3afd299812134a1e3e4fb305091f474c4945ebd4d63f87866707bc7465e4c",
    "styles/DBTech/Shop/items/shop/ribbon 3.gif": "473ee8b3f22fcdf179bb6e29e50744fef96936c9ae06f8b67d88e880357a7767",
    "styles/DBTech/Shop/items/shop/ribbon 4.gif": "8a95b59af666d5d658b52da87fe3b4d35a108333265c19fad0f7525eddb5a7a9",
    "styles/DBTech/Shop/items/shop/ribbon 5.gif": "a758bf202663e1b23efecadd7fff4aff99602e17aae91f9361dc45af224f8445",
    "styles/DBTech/Shop/items/shop/shark.gif": "b28184756616ba90ce5f26d13c88bc266856d146e6386dbd1904dcdfdec322bd",
    "styles/DBTech/Shop/items/shop/sword.gif": "b7f6b15a6ffb10440f4121dd8e485e58aa165823f4441c193b6ed11c0499cc7c",
    "styles/DBTech/Shop/items/shop/tree.gif": "7d46f4a4551c308fe00aaae7e2cc7bbbd33527d313c4e86763f6fcf533a65c93",
    "styles/DBTech/Shop/items/shop/trophy (2).gif": "b184ac470a419b096fa051eb17ca8e5de6011aa97fe0f9924ae1058368443d38",
    "styles/DBTech/Shop/items/shop/trophy.gif": "c8b2d9f05d94e55548962c32aa65166271aa2835ed5376e467bb5d4e1fe41848",
    "styles/DBTech/Shop/items/shop/trophy 2.gif": "b184ac470a419b096fa051eb17ca8e5de6011aa97fe0f9924ae1058368443d38",
    "styles/DBTech/Shop/items/shop/trophy 3.gif": "bc724c577a04edc21b3d74eab9edf1f432c14421b47752af53f14afc8d1d206b",
    "styles/DBTech/Shop/items/shop/tweet.gif": "f1c5dcc9bbe42d820877f7ee8b5415ef5388e1481fe09bd02d8bbfed2ed2d8e5",
    "styles/DBTech/Shop/items/shop/yinyang.gif": "27f3125e3fa41ae5af388884f26ba35c2a8664bf22f3965f18c6029d8221018a",
    "styles/DBTech/Shop/items/sword.gif": "b7f6b15a6ffb10440f4121dd8e485e58aa165823f4441c193b6ed11c0499cc7c",
    "styles/DBTech/Shop/items/tree.gif": "7d46f4a4551c308fe00aaae7e2cc7bbbd33527d313c4e86763f6fcf533a65c93",
    "styles/DBTech/Shop/items/trophy (2).gif": "b184ac470a419b096fa051eb17ca8e5de6011aa97fe0f9924ae1058368443d38",
    "styles/DBTech/Shop/items/trophy.gif": "fb3f97a4ec04b2a7acd79490a633f58ccb5bbcfa50fc913898e703e2ebd1f60e",
    "styles/DBTech/Shop/items/trophy 2.gif": "b184ac470a419b096fa051eb17ca8e5de6011aa97fe0f9924ae1058368443d38",
    "styles/DBTech/Shop/items/trophy 3.gif": "bc724c577a04edc21b3d74eab9edf1f432c14421b47752af53f14afc8d1d206b",
    "styles/DBTech/Shop/items/tweet.gif": "f1c5dcc9bbe42d820877f7ee8b5415ef5388e1481fe09bd02d8bbfed2ed2d8e5",
    "styles/DBTech/Shop/items/yinyang.gif": "27f3125e3fa41ae5af388884f26ba35c2a8664bf22f3965f18c6029d8221018a",
    "styles/DBTech/Shop/purchased.png": "6fb24f221a8a08d900bdd72b3680c788e0e631e3b5daaffc8636667fd6befe4d",
    "styles/DBTech/Shop/sidebar/bottom-shadow.png": "5e17875ee5767180d384ac923a7375faf5b9e8a1f6812473ab41ae2fe25fc774",
    "styles/DBTech/Shop/sidebar/gradient-black-down.png": "a44ed22dd96445b8373bfb6f17ae7426bf357fc442333786ce83095de924f9d4",
    "styles/DBTech/Shop/sidebar/index.html": "e3b0c44298fc1c149afbf4c8996fb92427ae41e4649b934ca495991b7852b855",
    "styles/DBTech/Shop/sidebar/top-highlight.png": "a1b577712b2f4f93612e9c87e58f687c90bdf1a1225ad0c4694e0d98efc7ae3f",
    "styles/DBTech/Shop/smilies/index.html": "e3b0c44298fc1c149afbf4c8996fb92427ae41e4649b934ca495991b7852b855",
    "styles/DBTech/Shop/unknown.png": "027f5ec4e54873f5343764ac7c4b2c0f60b26b67528c305dc58a3ff821485aeb",
    "styles/DBTech/Shop/unknown_logo.png": "aedb603068c6639dacdee846cd6ab42ca188fb3f354a7de79fcdb3cb85a0f415",
    "styles/DBTech/Shop/unknown_shop.png": "aedb603068c6639dacdee846cd6ab42ca188fb3f354a7de79fcdb3cb85a0f415"
}