<?xml version="1.0" encoding="utf-8"?>
<navigation>
  <navigation_entry navigation_id="dbtShopNewItems" parent_navigation_id="whatsNew" display_order="400" navigation_type_id="basic" enabled="1"><![CDATA[{"link":"{{ link('whats-new\/shop-items') }}","display_condition":"$xf.visitor.canViewDbtechShopItems()","extra_attributes":{"rel":"nofollow"}}]]></navigation_entry>
  <navigation_entry navigation_id="dbtechShop" display_order="1000" navigation_type_id="basic" enabled="1"><![CDATA[{"link":"{{ link('dbtech-shop') }}","display_condition":"$xf.visitor.hasPermission('dbtech_shop', 'view')","extra_attributes":[]}]]></navigation_entry>
  <navigation_entry navigation_id="dbtechShopBank" parent_navigation_id="dbtechShop" display_order="400" navigation_type_id="basic" enabled="1"><![CDATA[{"link":"{{ link('dbtech-shop\/bank') }}","display_condition":"$xf.visitor.user_id && $xf.options.dbtech_shop_bank_enabled && $xf.visitor.hasPermission('dbtech_shop', 'bank')","extra_attributes":[]}]]></navigation_entry>
  <navigation_entry navigation_id="dbtechShopInventory" parent_navigation_id="dbtechShop" display_order="100" navigation_type_id="basic" enabled="1"><![CDATA[{"link":"{{ link('dbtech-shop\/inventory') }}","display_condition":"$xf.visitor.user_id","extra_attributes":[]}]]></navigation_entry>
  <navigation_entry navigation_id="dbtechShopLottery" parent_navigation_id="dbtechShop" display_order="600" navigation_type_id="basic" enabled="1"><![CDATA[{"link":"{{ link('dbtech-shop\/lotteries') }}","display_condition":"$xf.visitor.user_id && $xf.options.dbtech_shop_lottery_enabled && $xf.visitor.hasPermission('dbtech_shop', 'viewLottery')","extra_attributes":[]}]]></navigation_entry>
  <navigation_entry navigation_id="dbtechShopSteal" parent_navigation_id="dbtechShop" display_order="500" navigation_type_id="basic" enabled="1"><![CDATA[{"link":"{{ link('dbtech-shop\/steal') }}","display_condition":"$xf.visitor.user_id && $xf.options.dbtech_shop_steal_enabled && $xf.visitor.hasPermission('dbtech_shop', 'steal')","extra_attributes":[]}]]></navigation_entry>
  <navigation_entry navigation_id="dbtechShopTrade" parent_navigation_id="dbtechShop" display_order="700" navigation_type_id="basic" enabled="1"><![CDATA[{"link":"{{ link('dbtech-shop\/trades') }}","display_condition":"$xf.visitor.user_id && $xf.options.dbtech_shop_trade_enabled && $xf.visitor.hasPermission('dbtech_shop', 'trade')","extra_attributes":[]}]]></navigation_entry>
</navigation>