{
    "js/DBTech/Credits/editor.js": "5007365a452e71981071ed910387a3c71fff7e74cef8c687a83cd5cc2d54e7b0",
    "js/DBTech/Credits/editor.min.js": "6dcdd8998bf9eb5bf610c6c944d35bed4ef711f56fe4a0d015ceacca1d038a95",
    "src/addons/DBTech/Credits/addon.json": "cfd38bec40a25722bcf088954e414ffc807c0bd2bb739eeec5d9a7a7716538c9",
    "src/addons/DBTech/Credits/Admin/Controller/Currency.php": "a1187d92e81e6d1c26e2e6a5fd09cc303414687671c9c7c30e7baa1a9c8a0dad",
    "src/addons/DBTech/Credits/Admin/Controller/Event.php": "b2d2f131017a50381c926028c46c5e01b74e60014a563c8f98e2d35383be997d",
    "src/addons/DBTech/Credits/Admin/Controller/Index.php": "0d944cd9bd64d1d43271806652b509b57890481d872279b8fa1b878565ec1ff4",
    "src/addons/DBTech/Credits/Admin/Controller/Log.php": "96b6beecce13f5c25b21d7e46684c81fc8286c7b3f82c7b924e0178d97ce5ca8",
    "src/addons/DBTech/Credits/Alert/Transaction.php": "337004c03b8bc6c94252453c53c5512da90054772907da42ea0a47bf246eecfd",
    "src/addons/DBTech/Credits/ApprovalQueue/Transaction.php": "20e5af0cdbd9bdaddc0608e2ea79c0e1888a8f0bc256bb53e59b3fc3cdbaf222",
    "src/addons/DBTech/Credits/BbCode/Charge.php": "9c2a78748a32644144d130c1be43ff93b2d2f40a98b7de0f5161a4f6ae57aa21",
    "src/addons/DBTech/Credits/Behavior/Cacheable.php": "6d431679b5c40a32f967cf374ec29c6384475bfea7985cce51b6f367f20cc62e",
    "src/addons/DBTech/Credits/Cli/Command/Rebuild/RebuildTransactions.php": "ff230ea5df4ac9bfb2a0d367e2159d53d1894503ed129b282e625bede6f6867b",
    "src/addons/DBTech/Credits/ControllerPlugin/Overview.php": "50290512b477f035a96a628b899c2e9a55de5bc77580778a15db3ace5fafd255",
    "src/addons/DBTech/Credits/Cron/Event.php": "c4119cb75df0cb3fee9f4208a994ba1caddb5f4f3c65473f6a841f8b659447cd",
    "src/addons/DBTech/Credits/Entity/AdjustLog.php": "d7fff857d5ba0b53880118200226bb1121d1dc405b098d805a570b497371e482",
    "src/addons/DBTech/Credits/Entity/Charge.php": "0d25c7f6d9c45802e95d7ddbda0ea9da39a894e7b86ee6ded58ce9be06ea25d9",
    "src/addons/DBTech/Credits/Entity/ChargePurchase.php": "0a0355df309d69d23bce34c40e75803062914af349611261e6301d8966c94d80",
    "src/addons/DBTech/Credits/Entity/Currency.php": "10aad7b122cafc0d68ef6b15cab3dec83e908386e3c5935f0326ebf1a624f5e2",
    "src/addons/DBTech/Credits/Entity/DonationLog.php": "4e0ccd8bcbd08aa150dcb86c998cbb3fedf3ad3722d72c4ec63799911320c2af",
    "src/addons/DBTech/Credits/Entity/Event.php": "276b6aad0bf9811f01c712d0f107aa6a5bba83724247d981a197f4fbd0b3c1a3",
    "src/addons/DBTech/Credits/Entity/EventTrigger.php": "69d0ed40d406a281fb8dcf5185220ba774ee47ec0c247be46cadbe9360055668",
    "src/addons/DBTech/Credits/Entity/PurchaseTransaction.php": "a712a6a47e3918c8018a92013fbe8fa74db25728217019483f85f42acb9b7501",
    "src/addons/DBTech/Credits/Entity/RedeemLog.php": "b12af9b5258185032fca3a68220026e64ca549c42da3a37840e258bce152fe98",
    "src/addons/DBTech/Credits/Entity/Transaction.php": "ea2339bf73e6ab3c9b8ede01e7dc7d570c8f3ecd3d5878170f52bef236368f60",
    "src/addons/DBTech/Credits/Entity/TransferLog.php": "a47b4f820af77b2a0c1c6af3ff5308690ed12283e53eb796180d5ac49ff5a5d3",
    "src/addons/DBTech/Credits/EventTrigger/AbstractHandler.php": "f3c1b47e509575a37b863e84d49759cb577d470a936c8fef851f70deb163a3cb",
    "src/addons/DBTech/Credits/EventTrigger/Adjust.php": "02dffb044fd0d88f06695592bcaeb55186d548a485b36b0a29681e2945284c7b",
    "src/addons/DBTech/Credits/EventTrigger/Avatar.php": "2e752a352c89799c9d79bfef0cfeedb3c941910ed62c489d221b8da25e070256",
    "src/addons/DBTech/Credits/EventTrigger/Birthday.php": "beac83da7d26390b8451fde2d4d42dc9f4d7bbff662e96feba47dbf01878cf3f",
    "src/addons/DBTech/Credits/EventTrigger/Content.php": "a005b23a7d00016aed209e1f8e6734b31cbc6ddcd6c0ba93df7016b80eb69cec",
    "src/addons/DBTech/Credits/EventTrigger/Daily.php": "00cce9b6f6f4480f1e0b8d94946d24056ad2aa01670d2a0178aa8f18dbe2194c",
    "src/addons/DBTech/Credits/EventTrigger/Donate.php": "f6b4eeea5f9ec37e4b498753752d774ecdadbc9cfef6ffbc54e09b7604ad23e5",
    "src/addons/DBTech/Credits/EventTrigger/Download.php": "b51bce00b69c5608839b95049f41760acbc14b136028d25f1b42ac3df139a106",
    "src/addons/DBTech/Credits/EventTrigger/Downloaded.php": "5cdf839334275296cee18eb5f2e5f1796961ad63807f0d53a5a59d0b5cb1f216",
    "src/addons/DBTech/Credits/EventTrigger/Follow.php": "aa40f88497eead1d9a0befa3c490a38e68ae89d52b48840fcc8c4c26bd3af7a5",
    "src/addons/DBTech/Credits/EventTrigger/Followed.php": "3b02d9421f95e4a3a5d824d4a04ff9b7245915a9538fb954a4e6bc036a470fe0",
    "src/addons/DBTech/Credits/EventTrigger/Interest.php": "95d2b5749b1ef340fb6e641552d46a63654f5b785e0ac5c15e4388a3298bf66a",
    "src/addons/DBTech/Credits/EventTrigger/Like.php": "7e65f8b61a237fa3ece11f27195a34a2d0e971a6c3dfa938d6e8f1d306b03d4a",
    "src/addons/DBTech/Credits/EventTrigger/Liked.php": "494419f3d15dc42eb2167ca50f446259cbdab0fcad53f58454f04d7ed32219be",
    "src/addons/DBTech/Credits/EventTrigger/Message.php": "b0b1c4487268d3d242af9a0f7420ef7f877dc014b3d1c69e1ecc436dea31ad14",
    "src/addons/DBTech/Credits/EventTrigger/Paycheck.php": "05722abb2971593e066f2f3da598719dec0f578495ad1e12baab6fc4bf9818dd",
    "src/addons/DBTech/Credits/EventTrigger/Poll.php": "508906a5ee2f76d999b13b04982a15fc933a03d216cbf21e11abbac2b210a51c",
    "src/addons/DBTech/Credits/EventTrigger/Post.php": "484cf168f067fe431861ac1d92f84258e193f0ca4ecdffa2757dd0a83c9a90d0",
    "src/addons/DBTech/Credits/EventTrigger/Profile.php": "7a95adb985ae6c97d1eecd33c88e1f834a5128585c5cb395df0548f92f98970b",
    "src/addons/DBTech/Credits/EventTrigger/Punish.php": "fe8f72a181895454b4d1980c0f66cc4f10a0a922b9f34c74dc359f0fd80f461d",
    "src/addons/DBTech/Credits/EventTrigger/Purchase.php": "6cde5b93909fafe47d49e687be87018da0716dd88096af4e561bebf3131f2044",
    "src/addons/DBTech/Credits/EventTrigger/React.php": "153ec07a228c8344b2404d2d31e6b75aca221c0b271627b15d281ce2d4deb29b",
    "src/addons/DBTech/Credits/EventTrigger/Reacted.php": "e20cc7b177de97651f8f692bb41cebd3c043defa2d3be63a65a0257ca0a8497f",
    "src/addons/DBTech/Credits/EventTrigger/Read.php": "d8080f51fd742609e2c09558a0003ff57e6c1e8f4ef1f40b77ef90e06d385140",
    "src/addons/DBTech/Credits/EventTrigger/Redeem.php": "d165390eef91d5398f83ba21ada5af600bd74a7591ba6fc33d4a7840f5e73217",
    "src/addons/DBTech/Credits/EventTrigger/Registration.php": "a260bf7f5ac013eb9313214972f2d3089262dd3c96af9311e954b89bbfd46e28",
    "src/addons/DBTech/Credits/EventTrigger/Reply.php": "6bc7c781c9089a0fd8dbb055cb4c28dfe546f33f6a098767b06e5cbf568ee982",
    "src/addons/DBTech/Credits/EventTrigger/Report.php": "4bbc3de29fb09fda74c695a450aa19c8c0d93e4dd00dc06cd498d65b1a82bd48",
    "src/addons/DBTech/Credits/EventTrigger/Reported.php": "7444304968888ef08f2085fd0d86dd889f98ce4959bd14efb65e6c8c47f3e1ad",
    "src/addons/DBTech/Credits/EventTrigger/Revival.php": "90652c21abc952b2a30946e1dd14b7328d097fd3e80e7b665ea64ee1ee20bed6",
    "src/addons/DBTech/Credits/EventTrigger/Sticky.php": "b6fc40a305bf66053bee8b3ea84f0b3e4ea67169092f0d7d953ca23ae4cde40a",
    "src/addons/DBTech/Credits/EventTrigger/Tag.php": "560f283904b7ce4f1163fb7388f902f317b3cb54ab28d81376318e228a9860cf",
    "src/addons/DBTech/Credits/EventTrigger/Taxation.php": "a853458b92930b1f66c352c166daaf3efc3a52e0efe0b17dfe432b5b78b0ba0e",
    "src/addons/DBTech/Credits/EventTrigger/Thread.php": "91c79c02db3df4093d0cd59f8fdcfb7a76fce8180bde018e0fdfa32e946e9b0d",
    "src/addons/DBTech/Credits/EventTrigger/Transfer.php": "4bd68451c8801c4367f387d0211f10416bc7c42b1f9baeeb4b1f426d704d0bba",
    "src/addons/DBTech/Credits/EventTrigger/Trophy.php": "9e05c2575d128797990e05decd55e0d712c9c04502b90f1f1e3c68b721b90629",
    "src/addons/DBTech/Credits/EventTrigger/Upload.php": "8a073467757c55db1c215e07ca9bb311a152f3b3483b064b3bdf3c05b1e2e7ef",
    "src/addons/DBTech/Credits/EventTrigger/View.php": "5bd9c698b67ca338e2303163f5f02c7cebce6905fe2016deb57e5da2c38ef4a0",
    "src/addons/DBTech/Credits/EventTrigger/Visit.php": "449b83afca39d25dbeb947340edab84924ac3e8011cdec737d7d26ff2ecc7829",
    "src/addons/DBTech/Credits/EventTrigger/Visitor.php": "404b0e7d5ae608a124acd743685e3a0ae9d81a81e148754b4b36a9bb34555543",
    "src/addons/DBTech/Credits/EventTrigger/Vote.php": "7e9dd7fe72cf4e2a0f6470c0087eb4732d726b1f8d4b74fcdacd34959503918b",
    "src/addons/DBTech/Credits/EventTrigger/Wall.php": "553dd5ed6d9995dd24940797661c74d626e8a6f54f82e1105e9deb84829cec78",
    "src/addons/DBTech/Credits/EventTrigger/Warning.php": "04bce0bc8ca304e222ea7bc1d886df554e024c37432a47097573466841a7c8d5",
    "src/addons/DBTech/Credits/EventTrigger/XFMG/Comment.php": "70f39a0fc5554c5dce2948d701a257c527382e075fba32bdf9dd2b95835246ab",
    "src/addons/DBTech/Credits/EventTrigger/XFMG/Commented.php": "2a2ba21d4727233792574d6aa3cf83c82709f4f5b0c4c7bfd2ad097c9dc19365",
    "src/addons/DBTech/Credits/EventTrigger/XFMG/Download.php": "170c7343c4e5da71d1153616651ca8600f11c887195bbb4c69e99701afb16dfb",
    "src/addons/DBTech/Credits/EventTrigger/XFMG/Downloaded.php": "7f4f135bb6b4cd4ebb8c4b53355205f36636ebff532bd8c518cc8520b57ab7c9",
    "src/addons/DBTech/Credits/EventTrigger/XFMG/Rate.php": "84326172f77c08802f8598b46b8dba7f1dee9376303097b07e1ba7593f456cd7",
    "src/addons/DBTech/Credits/EventTrigger/XFMG/Rated.php": "3e4965cfb99b6a5a032e7924fffe84d3ab00b0a679b914491a235d29ff4d60de",
    "src/addons/DBTech/Credits/EventTrigger/XFMG/Upload.php": "d7e257ebff4f3da5b071c0f4d787208e1a3d19fb54bafb3abee656a3af42002c",
    "src/addons/DBTech/Credits/EventTrigger/XFRM/Download.php": "2d6d999f65dad4ce1fe6609dfe1d2faf44861f8da22995cd3e632e8a64f562b9",
    "src/addons/DBTech/Credits/EventTrigger/XFRM/Downloaded.php": "29a2cb39a49bceb7c2e20c7c57ea438f881b7896390e55518c6adee6b53090c3",
    "src/addons/DBTech/Credits/EventTrigger/XFRM/Rate.php": "d26ed78dca4f29249b1d96c2d9d1da9e0ae1d38a2822cb31aa33ea7dbc2aede6",
    "src/addons/DBTech/Credits/EventTrigger/XFRM/Rated.php": "a8033f35263658b13c361dcf96dac34002493b4aa1ad0b37668a4802fec817b1",
    "src/addons/DBTech/Credits/EventTrigger/XFRM/Update.php": "52871e15dacea0e144b66bf059ce9b737c5ce66a35cd729ef5c43e1b8c7820d2",
    "src/addons/DBTech/Credits/EventTrigger/XFRM/Upload.php": "35f9d658f5ef762fc9e0f39902c2a477b697e71f3bb51f9c1f16f6c2b0340f09",
    "src/addons/DBTech/Credits/Exception/SkipEventException.php": "db34252085b329cbf240e7c70dc9c77f9a6404b6562d458b11620648bc541b5a",
    "src/addons/DBTech/Credits/Exception/StopEventTriggerException.php": "e21b614aa8990fda450c0b516077eb9e09a4c38aaa3ce1e7566ca7b74d56dace",
    "src/addons/DBTech/Credits/Finder/Currency.php": "e72c702de1fd51213d4b38703ec6a93bc716d74291a78fdddddb21675de83cab",
    "src/addons/DBTech/Credits/Finder/Event.php": "d9a4c434e3d7c44eb1fa1ad4d33ca21c339627b3baba6e0d76b5d30019cba97a",
    "src/addons/DBTech/Credits/Finder/Transaction.php": "c0b2c32d4c4ed1660c1062c9658e495b41bab703d75b5753d0d1a6b0002b1725",
    "src/addons/DBTech/Credits/icon.png": "d81f3488fef2d95337832ab21092a1fb8cccdb448b291255cee5348ef4e8d6db",
    "src/addons/DBTech/Credits/install-upgrade.json": "674f627e86344b6fe0ce0cafa4dd0fe42e6d091a70bc5dbc4baf3bf7633dfe09",
    "src/addons/DBTech/Credits/Job/TransactionRebuild.php": "0e7b7c7358f8733a33fe60677b4abac4f30348d1a44ffb799d35e6055370d70a",
    "src/addons/DBTech/Credits/Listener.php": "08cdc503dd9333b34fb7167887cddb279bc8dee8b02f0b018974fc4816e87c6e",
    "src/addons/DBTech/Credits/Option/Currency.php": "da5a107f808d8df601a307c759fd76a0a74febf5a5d985221bfdfabdeebaf2db",
    "src/addons/DBTech/Credits/Pub/Controller/Currency.php": "64af14f451d943a8e7f6a45d2dbbe5f3d1812ce22a3fcd9239b6af2e9f39479e",
    "src/addons/DBTech/Credits/Pub/Controller/Index.php": "d8cbe0d8a77b712cf1540cfdf3b826b14e0e338befc447ce27a91f8872a22421",
    "src/addons/DBTech/Credits/Purchasable/Currency.php": "d68d3b39fef9d78b3b854454bddacb84f3c7d0cd531e53f6a22e4ce309993e53",
    "src/addons/DBTech/Credits/Repository/Currency.php": "5037f1b7d4dcae5daee366f91ebfb1d7d7363ec07ee66da68f0b74ca9ef92537",
    "src/addons/DBTech/Credits/Repository/EventTrigger.php": "2db0eb87ab801d8cbb4958d485319e94be79c8600ae15ac0e5388cebd1f6aa88",
    "src/addons/DBTech/Credits/Repository/Transaction.php": "4b8899e5d1db9f9cb035d29f519e65d3567d1dad07b20aa62d6a91d3cdfd1066",
    "src/addons/DBTech/Credits/Searcher/TransactionLog.php": "da63e700fb72121cde5189bb6064021785fa0c7f19115cbf189150465d9ed754",
    "src/addons/DBTech/Credits/Service/Transaction/Approve.php": "a2320e565c1392a78d6c5ae82d0844d33ac9e1b87c135347ecb87fde38483d41",
    "src/addons/DBTech/Credits/Setup.php": "6e57aaf9a5cebc099a8354102481dd1696e94b7c527745725cd0d5f1e7b37686",
    "src/addons/DBTech/Credits/Template/Callback/Copyright.php": "47fb735760d10795067f0da76bbc47f858954c0ed514661400ca5a0710dd2412",
    "src/addons/DBTech/Credits/Widget/Richest.php": "fc10f149bea837608bea20db339762c04a94f84c4b1f416cdfa3bf90aedeb9af",
    "src/addons/DBTech/Credits/Widget/Wallet.php": "a761c60fd7d94b5992d25354422086b8cea80664ebdc341cd29c2cad04af8c9d",
    "src/addons/DBTech/Credits/XF/Admin/Controller/User.php": "0001d17acf06a08b775822812e22e63cb6a811ed0fea9952033da82f2264063e",
    "src/addons/DBTech/Credits/XF/Attachment/Post.php": "0f3034930ae970faa9f97744cf76803d24c1d6a7557b4114ceaf46c1cb0f658b",
    "src/addons/DBTech/Credits/XF/Entity/ConversationMessage.php": "3e1eff636fc9a64fc3ecfdf7f408bab4f66df25dde0682d1b8046b26df316078",
    "src/addons/DBTech/Credits/XF/Entity/LikedContent.php": "3dd5f472b83d5fcfd3c8bf97b225e8e2a7ddb3910f2c878c81fe736c5bdc37f3",
    "src/addons/DBTech/Credits/XF/Entity/Poll.php": "2db38c6f08d30ee63893f7c064ec6ed01c8bbd567430ccde65685c926e62ca0e",
    "src/addons/DBTech/Credits/XF/Entity/Post.php": "f524f78478a34da0fe89b6bd1f8f148b19c52195ec26dd5d6d165676f7a13a3a",
    "src/addons/DBTech/Credits/XF/Entity/ProfilePost.php": "cf34d59e59a398a673a0b92a6c9e96f3ed391256d9f5f920064ba5e77f16c7c5",
    "src/addons/DBTech/Credits/XF/Entity/ReactionContent.php": "60f67a21af5c5e2941497f66890c9e83fca218faab12a616e153acdde445682f",
    "src/addons/DBTech/Credits/XF/Entity/ReportComment.php": "4c9c0fd09dd3fa17599a436c523d3869f6fb8abfabee9a314cd1f81db17086b2",
    "src/addons/DBTech/Credits/XF/Entity/TagContent.php": "236d13c346a3aeae609ec39f46db67754960edc60c10d993811f735b541f2145",
    "src/addons/DBTech/Credits/XF/Entity/Thread.php": "d5abb06b94f612edbe6fee5fee8568910229117e31056dbead902eeaffda8a25",
    "src/addons/DBTech/Credits/XF/Entity/User.php": "355ac90ea94f0b8805c83f3521d924079399390cce243f61665fcc2a3928f448",
    "src/addons/DBTech/Credits/XF/Entity/UserFollow.php": "9f6c6eb3243db88805700cb21c8ff47330684f2915551e02dfa6fae9e1f49544",
    "src/addons/DBTech/Credits/XF/Entity/Warning.php": "35a72f48c237059cf36c9c37f9fbd4d7aaea53adea0c250c6a252429e30e459d",
    "src/addons/DBTech/Credits/XF/Pub/Controller/Member.php": "98b8b8e14f21d59562fa4e3e3c06aa6890078e9dba9b5800af127b9726ae1ec5",
    "src/addons/DBTech/Credits/XF/Repository/Attachment.php": "eecdf9c9b7ae342ce081bb52bdd97e4907fe143ff6773a878d6852066a62badb",
    "src/addons/DBTech/Credits/XF/Repository/Poll.php": "324ea1f26b87d3569728d38bfca08126f9d3844f4365f8a2e0bc31fc20c6500b",
    "src/addons/DBTech/Credits/XF/Repository/Tag.php": "d1ec26f93806935f25f55f33d46187cb1d549fba7eba4775a8ddbe500432085e",
    "src/addons/DBTech/Credits/XF/Repository/Thread.php": "8c7a8a72a809f1b7a32c535767af17c692074d475ce4938d0c2ee93d6e6085c3",
    "src/addons/DBTech/Credits/XF/Repository/Trophy.php": "c474e27aac0c9afa412e69637767cff3f99931d8e920a0fe1f17110d61d69594",
    "src/addons/DBTech/Credits/XF/Service/Report/Creator.php": "a84063752dd77d2004c44a293371e3a3b7d048c3f9a035da9a1ca8bf5ded59df",
    "src/addons/DBTech/Credits/XF/Service/User/Merge.php": "d76edec791b637edc005215dd12edc40cfddada25315b02942d5f07794a3a5f2",
    "src/addons/DBTech/Credits/XF/Str/Formatter.php": "6ba23f61b6f83d8ef6102f39d13e7f703f3d5aeb25f889ed24d975cb6f945718",
    "src/addons/DBTech/Credits/XFMG/Entity/Comment.php": "0a684b23131d13a99ce651c2357a8bbe4f86bf24aece45659d0fe4bcadd567c3",
    "src/addons/DBTech/Credits/XFMG/Entity/MediaItem.php": "3628944e3b60d9b10dd3a816b96f03de0d0169715ffeccb6af07b3cdf9967a1b",
    "src/addons/DBTech/Credits/XFMG/Entity/Rating.php": "7f7722c97fa64707f6e7f82baf85758b1ed23ede74f3401a21e51ae487389303",
    "src/addons/DBTech/Credits/XFMG/Service/Comment/Creator.php": "5a99a2cb3129344a99266f08ef5eeff6c5f7f9fc42f06dbba3baad3029fa7c19",
    "src/addons/DBTech/Credits/XFMG/Service/Media/Creator.php": "fdbd03988a15f72bcf736ccf07ea8d6a6d4ae109afc9f0daef06fcd3b6984b24",
    "src/addons/DBTech/Credits/XFRM/Entity/ResourceItem.php": "a87041eb5ca94cd6a4bdd382b9a3865d19e3eb8fb9626b9e0aa816f49d152ac9",
    "src/addons/DBTech/Credits/XFRM/Entity/ResourceRating.php": "37032ff72d70655e7200760d141f6265ba90bd83ea3049068bc87bb4fae87cf6",
    "src/addons/DBTech/Credits/XFRM/Entity/ResourceUpdate.php": "25730b1513a009ac878bc9120b815086d17c8248bf91a51861bdef49eb2ae27f",
    "src/addons/DBTech/Credits/XFRM/Repository/ResourceVersion.php": "224eea3385d18cba5227385562e5a3ae3eec12b65b43a18e18715cd83b14f8d1",
    "src/addons/DBTech/Credits/_data/admin_navigation.xml": "90c31effd1285df96c10db0f262cc03dd35bb78cdde239cdf848b685e65aa7a0",
    "src/addons/DBTech/Credits/_data/admin_permission.xml": "384917cc04235f7abec3554c538ea412d46891b9a4ab7cc19b490fd9083a6f4e",
    "src/addons/DBTech/Credits/_data/advertising_positions.xml": "c9b9d1159ca76865775c7a8fb1694116b3ed64f796b999b99ea49169d54a4816",
    "src/addons/DBTech/Credits/_data/api_scopes.xml": "7656ff3104020bd65b58f63c139daaef9d80e7bf875abfa627e9da7c03259bce",
    "src/addons/DBTech/Credits/_data/bb_codes.xml": "507e8752cb5b55ef165b6b9ea4f64ef2fbf383ab3ad6e3a54b99d8ff8641c998",
    "src/addons/DBTech/Credits/_data/bb_code_media_sites.xml": "b42e66ff19c650e66ff63ec21d192ba7f597414296f72e3143bb762b9c36d340",
    "src/addons/DBTech/Credits/_data/class_extensions.xml": "28ce51b913f41081459ef25ad295bac9076fda8984e26a519345a2f674c87407",
    "src/addons/DBTech/Credits/_data/code_events.xml": "9a6c74c374f36cc0396d957efe3a9c4f094f0db9a230127bdeb7d79187cbf96e",
    "src/addons/DBTech/Credits/_data/code_event_listeners.xml": "2b9a33db9c26146556730dd3556d3d12b49094230cd3f22fd5a9e5398f731bf3",
    "src/addons/DBTech/Credits/_data/content_type_fields.xml": "b9a39e7ef4af5d10abb82f06c24ce45f9631344ee56a3446a6272258ec0830a0",
    "src/addons/DBTech/Credits/_data/cron.xml": "2a43d6a3a00e59973d83f6bc7c0f92c362e8b1e2b646f741f21ba0f9f61c00b6",
    "src/addons/DBTech/Credits/_data/help_pages.xml": "d955479408ed0af082a51fd305f2a481bf1f35033cc794e8bc0ba6b49269511c",
    "src/addons/DBTech/Credits/_data/member_stats.xml": "d4f8dc2d81a0237dad813f348bea8af6689c3d7cadb49b15eef859be60825180",
    "src/addons/DBTech/Credits/_data/navigation.xml": "747e242555cbc690093bcadcb5bc7192dd3d5cb84023ce1b9c672b59db9c9156",
    "src/addons/DBTech/Credits/_data/options.xml": "8e091495cca10efbc0bbcc15adbe525a85f92c336ede5d8780de384144f44390",
    "src/addons/DBTech/Credits/_data/option_groups.xml": "e63d08965320ce8e5a74e5dd45aefe4288cef0220fdacf1d604e4f2473be4d4f",
    "src/addons/DBTech/Credits/_data/permissions.xml": "60d4b015cc45349d70376ce1a684f20f21aa39c6ef9061bd2057a4febcefb02e",
    "src/addons/DBTech/Credits/_data/permission_interface_groups.xml": "5f82efedd009adb25861ad26ad024cf36500ec1071f762717a852c7bd7776dec",
    "src/addons/DBTech/Credits/_data/phrases.xml": "d406a629c4144bba216357242ce2dc18b152bcea95bbd41867d75892c519301e",
    "src/addons/DBTech/Credits/_data/routes.xml": "752aa3fc801249d2bc1c73db12143c09134e0bb043d6d24f6f18484386cf2aad",
    "src/addons/DBTech/Credits/_data/style_properties.xml": "4efb71a2ba1d2bda2c928f7a6d671ef2ec2978ce4407b5737fa4d2acca39ae0e",
    "src/addons/DBTech/Credits/_data/style_property_groups.xml": "cb49c0b09c54ba4c7280704bfb6881094d887b5c3c1f02c90183b2709236305c",
    "src/addons/DBTech/Credits/_data/templates.xml": "0a4471f84d91177344ff006ab2ddb6028a8343206f2b3ee5e6b3c84da17c8536",
    "src/addons/DBTech/Credits/_data/template_modifications.xml": "dc1e8f337d81ab9969fc48fc73a1fa5bf3470b385ee3f2c3754c51d12675f9a7",
    "src/addons/DBTech/Credits/_data/widget_definitions.xml": "fc97112d3da4e2aee13d9905bdfb8fcbcbc731384f1a4aaf56f0b012f4c92e56",
    "src/addons/DBTech/Credits/_data/widget_positions.xml": "ce293fc12be1ed9a390a7c96f316242ebe1f8862ae41a3d1b5ed867ba58de4fa",
    "styles/DBTech/Credits/charge.gif": "f32651307963384c3c1ad82bd9aba20d18d73e0c98c4210a872849c223491e00"
}