<?xml version="1.0" encoding="utf-8"?>
<content_type_fields>
  <field content_type="category" field_name="entity">XF:Category</field>
  <field content_type="category" field_name="seed_handler_class">TickTackk\Seeder\Seed\Category</field>
  <field content_type="forum" field_name="entity">XF:Forum</field>
  <field content_type="forum" field_name="seed_handler_class">TickTackk\Seeder\Seed\Forum</field>
  <field content_type="page" field_name="seed_handler_class">TickTackk\Seeder\Seed\Page</field>
  <field content_type="post" field_name="seed_handler_class">TickTackk\Seeder\Seed\Post</field>
  <field content_type="thread" field_name="seed_handler_class">TickTackk\Seeder\Seed\Thread</field>
  <field content_type="user" field_name="seed_handler_class">TickTackk\Seeder\Seed\User</field>
</content_type_fields>
