[
    {
        "name": "fzaninotto/faker",
        "version": "v1.8.0",
        "version_normalized": "1.8.0.0",
        "source": {
            "type": "git",
            "url": "https://github.com/fzaninotto/Faker.git",
            "reference": "f72816b43e74063c8b10357394b6bba8cb1c10de"
        },
        "dist": {
            "type": "zip",
            "url": "https://api.github.com/repos/fzaninotto/Faker/zipball/f72816b43e74063c8b10357394b6bba8cb1c10de",
            "reference": "f72816b43e74063c8b10357394b6bba8cb1c10de",
            "shasum": ""
        },
        "require": {
            "php": "^5.3.3 || ^7.0"
        },
        "require-dev": {
            "ext-intl": "*",
            "phpunit/phpunit": "^4.8.35 || ^5.7",
            "squizlabs/php_codesniffer": "^1.5"
        },
        "time": "2018-07-12T10:23:15+00:00",
        "type": "library",
        "extra": {
            "branch-alias": {
                "dev-master": "1.8-dev"
            }
        },
        "installation-source": "dist",
        "autoload": {
            "psr-4": {
                "Faker\\": "src/Faker/"
            }
        },
        "notification-url": "https://packagist.org/downloads/",
        "license": [
            "MIT"
        ],
        "authors": [
            {
                "name": "François Zaninotto"
            }
        ],
        "description": "Faker is a PHP library that generates fake data for you.",
        "keywords": [
            "data",
            "faker",
            "fixtures"
        ]
    }
]
